stream,department,job_role,company_level,company_name,location,required_skills
Engineering,EEE,Maintenance Engineer,Startup,Nykaa,Chennai,Electrical Maintenance
Engineering,Civil,Safety Engineer,Startup,Vedantu,Hyderabad,Construction Safety
Engineering,EEE,Electrical Design Engineer,Startup,CRED,Ahmedabad,"AutoCAD, Power Systems"
Engineering,ECE,IoT Engineer,Startup,Quantiphi,Gurgaon,"Sensors, MQTT"
Engineering,Mechanical,Production Engineer,Startup,Dunzo,Coimbatore,Manufacturing Processes
Engineering,CSE,Cloud Engineer,Startup,CRED,Gurgaon,"AWS, Azure, Linux"
Engineering,EEE,Power Systems Engineer,Startup,Practo,Noida,Power Generation
Engineering,CSE,Data Analyst,Startup,Innovaccer,Mumbai,"Python, SQL, Excel, Power BI"
Engineering,ECE,Embedded Engineer,Startup,PolicyBazaar,Pune,"C, Embedded Systems"
Engineering,Mechanical,Production Engineer,Startup,Ola Electric,Pune,Manufacturing Processes
Engineering,EEE,Maintenance Engineer,Startup,Chargebee,Coimbatore,Electrical Maintenance
Engineering,ECE,VLSI Engineer,Startup,CRED,Mumbai,"VHDL, Verilog"
Engineering,CSE,Data Scientist,Startup,Ninjacart,Ahmedabad,"Python, ML, Pandas, NumPy"
Engineering,Civil,Safety Engineer,Startup,Ninjacart,Mumbai,Construction Safety
Engineering,Mechanical,Production Engineer,Startup,InMobi,Ahmedabad,Manufacturing Processes
Engineering,ECE,Network Engineer,Startup,Tredence,Gurgaon,"Networking, Routing"
Engineering,AI&DS,Data Analyst,Startup,Byjus,Coimbatore,"SQL, Python"
Engineering,CSE,Software Engineer,Startup,Swiggy,Ahmedabad,"Python, Java, DSA, OOP"
Engineering,AI&DS,AI Engineer,Startup,Innovaccer,Hyderabad,"Deep Learning, NLP"
Engineering,Civil,Structural Engineer,Startup,CRED,Kolkata,"ETABS, STAAD"
Engineering,Civil,Structural Engineer,Startup,Udaan,Gurgaon,"ETABS, STAAD"
Engineering,CSE,ML Engineer,Startup,Nykaa,Noida,"Python, TensorFlow, Scikit-learn"
Engineering,Civil,Planning Engineer,Startup,Slice,Coimbatore,"MS Project, Primavera"
Engineering,CSE,Cloud Engineer,Startup,Mu Sigma,Hyderabad,"AWS, Azure, Linux"
Engineering,CSE,ML Engineer,Startup,Byjus,Coimbatore,"Python, TensorFlow, Scikit-learn"
Engineering,Mechanical,Maintenance Engineer,Startup,Navi,Noida,Plant Maintenance
Engineering,CSE,DevOps Engineer,Startup,BigBasket,Noida,"Docker, Kubernetes, CI/CD"
Engineering,EEE,Maintenance Engineer,Startup,Vedantu,Noida,Electrical Maintenance
Engineering,Civil,Structural Engineer,Startup,Delhivery,Mumbai,"ETABS, STAAD"
Engineering,Mechanical,Maintenance Engineer,Startup,Vedantu,Mumbai,Plant Maintenance
Engineering,Mechanical,Design Engineer,Startup,Urban Company,Bengaluru,"AutoCAD, SolidWorks"
Engineering,EEE,Control Systems Engineer,Startup,Digit Insurance,Mumbai,"PLC, SCADA"
Engineering,Civil,Quantity Surveyor,Startup,Groww,Chennai,"Estimation, Billing"
Engineering,CSE,DevOps Engineer,Startup,Slice,Chennai,"Docker, Kubernetes, CI/CD"
Engineering,CSE,Software Engineer,Startup,Digit Insurance,Ahmedabad,"Python, Java, DSA, OOP"
Engineering,Mechanical,CAD Engineer,Startup,GreyOrange,Kolkata,"CATIA, NX"
Engineering,EEE,Power Systems Engineer,Startup,Postman,Mumbai,Power Generation
Engineering,Mechanical,CAD Engineer,Startup,Quantiphi,Kolkata,"CATIA, NX"
Engineering,Mechanical,Maintenance Engineer,Startup,Mu Sigma,Ahmedabad,Plant Maintenance
Engineering,Civil,Safety Engineer,Startup,Groww,Chennai,Construction Safety
Engineering,AI&DS,AI Engineer,Startup,Zetwerk,Bengaluru,"Deep Learning, NLP"
Engineering,Mechanical,CAD Engineer,Startup,Tredence,Gurgaon,"CATIA, NX"
Engineering,Mechanical,Quality Engineer,Startup,Navi,Gurgaon,Six Sigma
Engineering,CSE,DevOps Engineer,Startup,Vedantu,Pune,"Docker, Kubernetes, CI/CD"
Engineering,EEE,Energy Analyst,Startup,PhonePe,Coimbatore,Renewable Energy
Engineering,Civil,Planning Engineer,Startup,Ather Energy,Kolkata,"MS Project, Primavera"
Engineering,ECE,Signal Processing Engineer,Startup,Ninjacart,Pune,"MATLAB, DSP"
Engineering,Mechanical,CAD Engineer,Startup,Razorpay,Mumbai,"CATIA, NX"
Engineering,CSE,Cloud Engineer,Startup,Tiger Analytics,Kolkata,"AWS, Azure, Linux"
Engineering,CSE,ML Engineer,Startup,Digit Insurance,Chennai,"Python, TensorFlow, Scikit-learn"
Engineering,ECE,IoT Engineer,Startup,PolicyBazaar,Coimbatore,"Sensors, MQTT"
Engineering,CSE,ML Engineer,Startup,Digit Insurance,Bengaluru,"Python, TensorFlow, Scikit-learn"
Engineering,ECE,Embedded Engineer,Startup,Unacademy,Hyderabad,"C, Embedded Systems"
Engineering,Mechanical,CAD Engineer,Startup,Vedantu,Hyderabad,"CATIA, NX"
Engineering,Mechanical,Maintenance Engineer,Startup,PhysicsWallah,Noida,Plant Maintenance
Engineering,Civil,Safety Engineer,Startup,BrowserStack,Ahmedabad,Construction Safety
Engineering,Mechanical,Design Engineer,Startup,Byjus,Mumbai,"AutoCAD, SolidWorks"
Engineering,Mechanical,Design Engineer,Startup,Groww,Pune,"AutoCAD, SolidWorks"
Engineering,CSE,ML Engineer,Startup,Byjus,Coimbatore,"Python, TensorFlow, Scikit-learn"
Engineering,EEE,Control Systems Engineer,Startup,Postman,Coimbatore,"PLC, SCADA"
Engineering,Mechanical,Production Engineer,Startup,Navi,Bengaluru,Manufacturing Processes
Engineering,Civil,Site Engineer,Startup,Ola Electric,Hyderabad,"AutoCAD, Site Management"
Engineering,AI&DS,AI Engineer,Startup,Unacademy,Noida,"Deep Learning, NLP"
Engineering,EEE,Electrical Design Engineer,Startup,PhysicsWallah,Bengaluru,"AutoCAD, Power Systems"
Engineering,Mechanical,CAD Engineer,Startup,Quantiphi,Gurgaon,"CATIA, NX"
Engineering,AI&DS,AI Engineer,Startup,Meesho,Bengaluru,"Deep Learning, NLP"
Engineering,AI&DS,Big Data Engineer,Startup,GreyOrange,Kolkata,"Spark, Hadoop"
Engineering,CSE,DevOps Engineer,Startup,Zerodha,Coimbatore,"Docker, Kubernetes, CI/CD"
Engineering,AI&DS,AI Engineer,Startup,Tiger Analytics,Noida,"Deep Learning, NLP"
Engineering,AI&DS,AI Engineer,Startup,Slice,Ahmedabad,"Deep Learning, NLP"
Engineering,CSE,Data Scientist,Startup,Ola Electric,Noida,"Python, ML, Pandas, NumPy"
Engineering,Civil,Planning Engineer,Startup,Practo,Pune,"MS Project, Primavera"
Engineering,Mechanical,CAD Engineer,Startup,Byjus,Kolkata,"CATIA, NX"
Engineering,ECE,VLSI Engineer,Startup,Unacademy,Ahmedabad,"VHDL, Verilog"
Engineering,Civil,Structural Engineer,Startup,Tredence,Mumbai,"ETABS, STAAD"
Engineering,Mechanical,Maintenance Engineer,Startup,BigBasket,Pune,Plant Maintenance
Engineering,Civil,Safety Engineer,Startup,Paytm,Bengaluru,Construction Safety
Engineering,ECE,Signal Processing Engineer,Startup,BrowserStack,Mumbai,"MATLAB, DSP"
Engineering,Civil,Structural Engineer,Startup,Navi,Mumbai,"ETABS, STAAD"
Engineering,AI&DS,AI Engineer,Startup,PhonePe,Bengaluru,"Deep Learning, NLP"
Engineering,Mechanical,Design Engineer,Startup,OfBusiness,Ahmedabad,"AutoCAD, SolidWorks"
Engineering,CSE,Data Scientist,Startup,BigBasket,Ahmedabad,"Python, ML, Pandas, NumPy"
Engineering,CSE,Data Analyst,Startup,CARS24,Coimbatore,"Python, SQL, Excel, Power BI"
Engineering,CSE,DevOps Engineer,Startup,Zerodha,Gurgaon,"Docker, Kubernetes, CI/CD"
Engineering,CSE,Backend Developer,Startup,GreyOrange,Hyderabad,"Java, Spring Boot, APIs"
Engineering,Mechanical,Quality Engineer,Startup,Zerodha,Noida,Six Sigma
Engineering,AI&DS,AI Engineer,Startup,Spinny,Ahmedabad,"Deep Learning, NLP"
Engineering,CSE,Cloud Engineer,Startup,BigBasket,Noida,"AWS, Azure, Linux"
Engineering,ECE,Signal Processing Engineer,Startup,Delhivery,Kolkata,"MATLAB, DSP"
Engineering,EEE,Power Systems Engineer,Startup,Ola Electric,Noida,Power Generation
Engineering,Civil,Site Engineer,Startup,Swiggy,Bengaluru,"AutoCAD, Site Management"
Engineering,AI&DS,Big Data Engineer,Startup,Chargebee,Ahmedabad,"Spark, Hadoop"
Engineering,Civil,Quantity Surveyor,Startup,Ola Electric,Noida,"Estimation, Billing"
Engineering,CSE,ML Engineer,Startup,Ola Electric,Noida,"Python, TensorFlow, Scikit-learn"
Engineering,Civil,Quantity Surveyor,Startup,Zomato,Coimbatore,"Estimation, Billing"
Engineering,Civil,Structural Engineer,Startup,Udaan,Coimbatore,"ETABS, STAAD"
Engineering,Civil,Structural Engineer,Startup,InfraMarket,Kolkata,"ETABS, STAAD"
Engineering,Civil,Planning Engineer,Startup,CARS24,Gurgaon,"MS Project, Primavera"
Engineering,ECE,IoT Engineer,Startup,Quantiphi,Hyderabad,"Sensors, MQTT"
Engineering,EEE,Electrical Design Engineer,Startup,PhonePe,Mumbai,"AutoCAD, Power Systems"
Engineering,EEE,Energy Analyst,Startup,Fractal Analytics,Pune,Renewable Energy
Engineering,CSE,Software Engineer,Startup,InfraMarket,Kolkata,"Python, Java, DSA, OOP"
Engineering,Civil,Safety Engineer,Startup,Paytm,Ahmedabad,Construction Safety
Engineering,AI&DS,Data Analyst,Startup,CARS24,Pune,"SQL, Python"
Engineering,Mechanical,CAD Engineer,Startup,Urban Company,Mumbai,"CATIA, NX"
Engineering,CSE,Data Scientist,Startup,Swiggy,Hyderabad,"Python, ML, Pandas, NumPy"
Engineering,AI&DS,Big Data Engineer,Startup,Zerodha,Bengaluru,"Spark, Hadoop"
Engineering,Mechanical,Design Engineer,Startup,Delhivery,Chennai,"AutoCAD, SolidWorks"
Engineering,EEE,Control Systems Engineer,Startup,Paytm,Noida,"PLC, SCADA"
Engineering,ECE,Network Engineer,Startup,OfBusiness,Hyderabad,"Networking, Routing"
Engineering,Mechanical,CAD Engineer,Startup,Delhivery,Hyderabad,"CATIA, NX"
Engineering,CSE,Cloud Engineer,Startup,Jupiter,Chennai,"AWS, Azure, Linux"
Engineering,AI&DS,Data Analyst,Startup,InMobi,Bengaluru,"SQL, Python"
Engineering,Civil,Quantity Surveyor,Startup,Jupiter,Kolkata,"Estimation, Billing"
Engineering,EEE,Electrical Design Engineer,Startup,CRED,Kolkata,"AutoCAD, Power Systems"
Engineering,CSE,ML Engineer,Startup,Digit Insurance,Mumbai,"Python, TensorFlow, Scikit-learn"
Engineering,EEE,Maintenance Engineer,Startup,Vedantu,Kolkata,Electrical Maintenance
Engineering,Civil,Site Engineer,Startup,ACKO,Gurgaon,"AutoCAD, Site Management"
Engineering,AI&DS,Data Analyst,Startup,BigBasket,Kolkata,"SQL, Python"
Engineering,CSE,ML Engineer,Startup,Chargebee,Noida,"Python, TensorFlow, Scikit-learn"
Engineering,ECE,VLSI Engineer,Startup,Mu Sigma,Coimbatore,"VHDL, Verilog"
Engineering,EEE,Maintenance Engineer,Startup,BigBasket,Ahmedabad,Electrical Maintenance
Engineering,Mechanical,Design Engineer,Startup,Meesho,Bengaluru,"AutoCAD, SolidWorks"
Engineering,Mechanical,Maintenance Engineer,Startup,GreyOrange,Hyderabad,Plant Maintenance
Engineering,Mechanical,Quality Engineer,Startup,Groww,Noida,Six Sigma
Engineering,CSE,DevOps Engineer,Startup,Dunzo,Chennai,"Docker, Kubernetes, CI/CD"
Engineering,CSE,DevOps Engineer,Startup,Zerodha,Coimbatore,"Docker, Kubernetes, CI/CD"
Engineering,CSE,Cloud Engineer,Startup,Digit Insurance,Ahmedabad,"AWS, Azure, Linux"
Engineering,Civil,Safety Engineer,Startup,Tredence,Bengaluru,Construction Safety
Engineering,AI&DS,Data Analyst,Startup,Navi,Pune,"SQL, Python"
Engineering,EEE,Control Systems Engineer,Startup,Fractal Analytics,Coimbatore,"PLC, SCADA"
Engineering,CSE,Software Engineer,Startup,Porter,Gurgaon,"Python, Java, DSA, OOP"
Engineering,AI&DS,Data Scientist,Startup,Delhivery,Hyderabad,"Python, ML, Pandas"
Engineering,Mechanical,Maintenance Engineer,Startup,Razorpay,Gurgaon,Plant Maintenance
Engineering,Civil,Planning Engineer,Startup,Porter,Bengaluru,"MS Project, Primavera"
Engineering,Mechanical,Maintenance Engineer,Startup,Innovaccer,Chennai,Plant Maintenance
Engineering,AI&DS,AI Engineer,Startup,Digit Insurance,Bengaluru,"Deep Learning, NLP"
Engineering,ECE,Signal Processing Engineer,Startup,Quantiphi,Chennai,"MATLAB, DSP"
Engineering,ECE,Signal Processing Engineer,Startup,InMobi,Pune,"MATLAB, DSP"
Engineering,CSE,DevOps Engineer,Startup,Fractal Analytics,Coimbatore,"Docker, Kubernetes, CI/CD"
Engineering,EEE,Power Systems Engineer,Startup,Nykaa,Coimbatore,Power Generation
Engineering,EEE,Electrical Design Engineer,Startup,Mu Sigma,Mumbai,"AutoCAD, Power Systems"
Engineering,EEE,Energy Analyst,Startup,GreyOrange,Ahmedabad,Renewable Energy
Engineering,EEE,Control Systems Engineer,Startup,Vedantu,Mumbai,"PLC, SCADA"
Engineering,Mechanical,Production Engineer,Startup,Porter,Chennai,Manufacturing Processes
Engineering,EEE,Control Systems Engineer,Startup,Ather Energy,Noida,"PLC, SCADA"
Engineering,EEE,Energy Analyst,Startup,GreyOrange,Noida,Renewable Energy
Engineering,ECE,Signal Processing Engineer,Startup,Digit Insurance,Mumbai,"MATLAB, DSP"
Engineering,CSE,Software Engineer,Startup,InMobi,Pune,"Python, Java, DSA, OOP"
Engineering,Mechanical,Maintenance Engineer,Startup,Delhivery,Pune,Plant Maintenance
Engineering,AI&DS,ML Engineer,Startup,Nykaa,Noida,"TensorFlow, PyTorch"
Engineering,Civil,Site Engineer,Startup,Slice,Hyderabad,"AutoCAD, Site Management"
Engineering,Civil,Structural Engineer,Startup,CRED,Kolkata,"ETABS, STAAD"
Engineering,Civil,Structural Engineer,Startup,Meesho,Mumbai,"ETABS, STAAD"
Engineering,EEE,Energy Analyst,Startup,Nykaa,Ahmedabad,Renewable Energy
Engineering,Mechanical,CAD Engineer,Startup,InMobi,Gurgaon,"CATIA, NX"
Engineering,ECE,Network Engineer,Startup,Digit Insurance,Kolkata,"Networking, Routing"
Engineering,Mechanical,Production Engineer,Startup,InMobi,Bengaluru,Manufacturing Processes
Engineering,Mechanical,Maintenance Engineer,Startup,Mu Sigma,Hyderabad,Plant Maintenance
Engineering,CSE,Data Scientist,Startup,Chargebee,Bengaluru,"Python, ML, Pandas, NumPy"
Engineering,AI&DS,Data Scientist,Startup,Zerodha,Ahmedabad,"Python, ML, Pandas"
Engineering,Civil,Quantity Surveyor,Startup,PolicyBazaar,Ahmedabad,"Estimation, Billing"
Engineering,ECE,Network Engineer,Startup,Paytm,Gurgaon,"Networking, Routing"
Engineering,ECE,Embedded Engineer,Startup,Vedantu,Noida,"C, Embedded Systems"
Engineering,Civil,Planning Engineer,Startup,ACKO,Ahmedabad,"MS Project, Primavera"
Engineering,EEE,Control Systems Engineer,Startup,Vedantu,Gurgaon,"PLC, SCADA"
Engineering,AI&DS,Big Data Engineer,Startup,Mu Sigma,Gurgaon,"Spark, Hadoop"
Engineering,ECE,Signal Processing Engineer,Startup,Porter,Ahmedabad,"MATLAB, DSP"
Engineering,EEE,Control Systems Engineer,Startup,PhonePe,Chennai,"PLC, SCADA"
Engineering,AI&DS,Data Analyst,Startup,Ola Electric,Pune,"SQL, Python"
Engineering,AI&DS,AI Engineer,Startup,Zetwerk,Kolkata,"Deep Learning, NLP"
Engineering,Civil,Safety Engineer,Startup,Innovaccer,Pune,Construction Safety
Engineering,AI&DS,AI Engineer,Startup,Unacademy,Mumbai,"Deep Learning, NLP"
Engineering,CSE,Software Engineer,Startup,Jupiter,Noida,"Python, Java, DSA, OOP"
Engineering,Civil,Quantity Surveyor,Startup,Swiggy,Mumbai,"Estimation, Billing"
Engineering,EEE,Energy Analyst,Startup,Zomato,Mumbai,Renewable Energy
Engineering,Mechanical,Production Engineer,Startup,OfBusiness,Gurgaon,Manufacturing Processes
Engineering,ECE,IoT Engineer,Startup,Spinny,Coimbatore,"Sensors, MQTT"
Engineering,AI&DS,ML Engineer,Startup,Zomato,Coimbatore,"TensorFlow, PyTorch"
Engineering,Civil,Site Engineer,Startup,Innovaccer,Noida,"AutoCAD, Site Management"
Engineering,Civil,Structural Engineer,Startup,Urban Company,Noida,"ETABS, STAAD"
Engineering,AI&DS,AI Engineer,Startup,Ather Energy,Ahmedabad,"Deep Learning, NLP"
Engineering,Mechanical,CAD Engineer,Startup,Porter,Pune,"CATIA, NX"
Engineering,Civil,Quantity Surveyor,Startup,PolicyBazaar,Gurgaon,"Estimation, Billing"
Engineering,CSE,Full Stack Developer,Startup,BigBasket,Gurgaon,"HTML, CSS, JavaScript, React"
Engineering,Civil,Structural Engineer,Startup,Nykaa,Noida,"ETABS, STAAD"
Engineering,CSE,Data Analyst,Startup,CRED,Kolkata,"Python, SQL, Excel, Power BI"
Engineering,Mechanical,CAD Engineer,Startup,GreyOrange,Chennai,"CATIA, NX"
Engineering,AI&DS,ML Engineer,Startup,Dunzo,Noida,"TensorFlow, PyTorch"
Engineering,ECE,VLSI Engineer,Startup,PolicyBazaar,Kolkata,"VHDL, Verilog"
Engineering,ECE,Network Engineer,Startup,Zomato,Coimbatore,"Networking, Routing"
Engineering,Civil,Quantity Surveyor,Startup,Ninjacart,Kolkata,"Estimation, Billing"
Engineering,Civil,Safety Engineer,Startup,CRED,Kolkata,Construction Safety
Engineering,EEE,Energy Analyst,Startup,Zetwerk,Hyderabad,Renewable Energy
Engineering,EEE,Energy Analyst,Startup,Slice,Mumbai,Renewable Energy
Engineering,Civil,Planning Engineer,Startup,Nykaa,Hyderabad,"MS Project, Primavera"
Engineering,Civil,Site Engineer,Startup,Zerodha,Hyderabad,"AutoCAD, Site Management"
Engineering,Mechanical,Production Engineer,Startup,Groww,Chennai,Manufacturing Processes
Engineering,EEE,Electrical Design Engineer,Startup,Unacademy,Coimbatore,"AutoCAD, Power Systems"
Engineering,Mechanical,CAD Engineer,Startup,BrowserStack,Chennai,"CATIA, NX"
Engineering,EEE,Electrical Design Engineer,Startup,Nykaa,Ahmedabad,"AutoCAD, Power Systems"
Engineering,CSE,Data Analyst,Startup,Slice,Pune,"Python, SQL, Excel, Power BI"
Engineering,ECE,Signal Processing Engineer,Startup,Tiger Analytics,Hyderabad,"MATLAB, DSP"
Engineering,AI&DS,ML Engineer,Startup,Razorpay,Mumbai,"TensorFlow, PyTorch"
Engineering,AI&DS,ML Engineer,Startup,Ninjacart,Bengaluru,"TensorFlow, PyTorch"
Engineering,AI&DS,Data Analyst,Startup,InMobi,Bengaluru,"SQL, Python"
Engineering,Civil,Quantity Surveyor,Startup,InfraMarket,Kolkata,"Estimation, Billing"
Engineering,AI&DS,ML Engineer,Startup,Tiger Analytics,Noida,"TensorFlow, PyTorch"
Engineering,Civil,Quantity Surveyor,Startup,PhonePe,Pune,"Estimation, Billing"
Engineering,ECE,IoT Engineer,Startup,Chargebee,Pune,"Sensors, MQTT"
Engineering,Civil,Quantity Surveyor,Startup,Jupiter,Bengaluru,"Estimation, Billing"
Engineering,ECE,IoT Engineer,Startup,Meesho,Coimbatore,"Sensors, MQTT"
Engineering,AI&DS,AI Engineer,Startup,CARS24,Pune,"Deep Learning, NLP"
Engineering,EEE,Energy Analyst,Startup,BrowserStack,Mumbai,Renewable Energy
Engineering,CSE,Data Analyst,Startup,Paytm,Bengaluru,"Python, SQL, Excel, Power BI"
Engineering,AI&DS,Data Scientist,Startup,BrowserStack,Chennai,"Python, ML, Pandas"
Engineering,AI&DS,AI Engineer,Startup,Practo,Mumbai,"Deep Learning, NLP"
Engineering,ECE,IoT Engineer,Startup,Nykaa,Mumbai,"Sensors, MQTT"
Engineering,ECE,Signal Processing Engineer,Startup,Jupiter,Gurgaon,"MATLAB, DSP"
Engineering,ECE,Network Engineer,Startup,Swiggy,Chennai,"Networking, Routing"
Engineering,AI&DS,AI Engineer,Startup,BrowserStack,Chennai,"Deep Learning, NLP"
Engineering,Civil,Quantity Surveyor,Startup,OfBusiness,Mumbai,"Estimation, Billing"
Engineering,EEE,Power Systems Engineer,Startup,Udaan,Mumbai,Power Generation
Engineering,Civil,Structural Engineer,Startup,Zerodha,Gurgaon,"ETABS, STAAD"
Engineering,EEE,Electrical Design Engineer,Startup,Groww,Kolkata,"AutoCAD, Power Systems"
Engineering,AI&DS,Data Scientist,Startup,Practo,Kolkata,"Python, ML, Pandas"
Engineering,CSE,DevOps Engineer,Startup,Zetwerk,Mumbai,"Docker, Kubernetes, CI/CD"
Engineering,Civil,Site Engineer,Startup,BrowserStack,Kolkata,"AutoCAD, Site Management"
Engineering,CSE,DevOps Engineer,Startup,Digit Insurance,Hyderabad,"Docker, Kubernetes, CI/CD"
Engineering,Civil,Structural Engineer,Startup,Razorpay,Coimbatore,"ETABS, STAAD"
Engineering,CSE,Data Analyst,Startup,Unacademy,Gurgaon,"Python, SQL, Excel, Power BI"
Engineering,Mechanical,CAD Engineer,Startup,PhysicsWallah,Mumbai,"CATIA, NX"
Engineering,ECE,IoT Engineer,Startup,Innovaccer,Chennai,"Sensors, MQTT"
Engineering,ECE,IoT Engineer,Startup,Udaan,Kolkata,"Sensors, MQTT"
Engineering,Mechanical,Design Engineer,Startup,InfraMarket,Ahmedabad,"AutoCAD, SolidWorks"
Engineering,CSE,DevOps Engineer,Startup,Ather Energy,Mumbai,"Docker, Kubernetes, CI/CD"
Engineering,Mechanical,Design Engineer,Startup,Udaan,Hyderabad,"AutoCAD, SolidWorks"
Engineering,Civil,Site Engineer,Startup,Navi,Ahmedabad,"AutoCAD, Site Management"
Engineering,Civil,Structural Engineer,Startup,Slice,Coimbatore,"ETABS, STAAD"
Engineering,EEE,Maintenance Engineer,Startup,Practo,Ahmedabad,Electrical Maintenance
Engineering,CSE,Data Scientist,Startup,Quantiphi,Kolkata,"Python, ML, Pandas, NumPy"
Engineering,CSE,DevOps Engineer,Startup,Swiggy,Kolkata,"Docker, Kubernetes, CI/CD"
Engineering,Civil,Quantity Surveyor,Startup,Spinny,Bengaluru,"Estimation, Billing"
Engineering,Mechanical,CAD Engineer,Startup,Zomato,Ahmedabad,"CATIA, NX"
Engineering,Mechanical,Design Engineer,Startup,Meesho,Ahmedabad,"AutoCAD, SolidWorks"
Engineering,Civil,Structural Engineer,Startup,Urban Company,Mumbai,"ETABS, STAAD"
Engineering,Civil,Safety Engineer,Startup,Nykaa,Mumbai,Construction Safety
Engineering,EEE,Energy Analyst,Startup,Vedantu,Mumbai,Renewable Energy
Engineering,EEE,Maintenance Engineer,Startup,PhysicsWallah,Bengaluru,Electrical Maintenance
Engineering,Civil,Safety Engineer,Startup,Vedantu,Coimbatore,Construction Safety
Engineering,Mechanical,Design Engineer,Startup,PhysicsWallah,Pune,"AutoCAD, SolidWorks"
Engineering,EEE,Electrical Design Engineer,Startup,Meesho,Chennai,"AutoCAD, Power Systems"
Engineering,ECE,Signal Processing Engineer,Startup,CARS24,Hyderabad,"MATLAB, DSP"
Engineering,Mechanical,Design Engineer,Startup,Meesho,Coimbatore,"AutoCAD, SolidWorks"
Engineering,AI&DS,Data Scientist,Startup,GreyOrange,Pune,"Python, ML, Pandas"
Engineering,AI&DS,ML Engineer,Startup,Porter,Hyderabad,"TensorFlow, PyTorch"
Engineering,ECE,IoT Engineer,Startup,Swiggy,Bengaluru,"Sensors, MQTT"
Engineering,Civil,Structural Engineer,Startup,Tredence,Noida,"ETABS, STAAD"
Engineering,ECE,IoT Engineer,Startup,Meesho,Noida,"Sensors, MQTT"
Engineering,Mechanical,Maintenance Engineer,Startup,Innovaccer,Noida,Plant Maintenance
Engineering,EEE,Energy Analyst,Startup,PhysicsWallah,Ahmedabad,Renewable Energy
Engineering,EEE,Electrical Design Engineer,Startup,Ola Electric,Hyderabad,"AutoCAD, Power Systems"
Engineering,CSE,Data Scientist,Startup,Postman,Kolkata,"Python, ML, Pandas, NumPy"
Engineering,ECE,Embedded Engineer,Startup,Udaan,Noida,"C, Embedded Systems"
Engineering,ECE,Network Engineer,Startup,Digit Insurance,Ahmedabad,"Networking, Routing"
Engineering,CSE,ML Engineer,Startup,Paytm,Hyderabad,"Python, TensorFlow, Scikit-learn"
Engineering,CSE,Backend Developer,Startup,GreyOrange,Mumbai,"Java, Spring Boot, APIs"
Engineering,CSE,Cloud Engineer,Startup,Nykaa,Ahmedabad,"AWS, Azure, Linux"
Engineering,AI&DS,Data Scientist,Startup,Groww,Gurgaon,"Python, ML, Pandas"
Engineering,Mechanical,Quality Engineer,Startup,BigBasket,Coimbatore,Six Sigma
Engineering,CSE,Full Stack Developer,Startup,Swiggy,Hyderabad,"HTML, CSS, JavaScript, React"
Engineering,Civil,Site Engineer,Startup,Innovaccer,Chennai,"AutoCAD, Site Management"
Engineering,Mechanical,Maintenance Engineer,Startup,InMobi,Kolkata,Plant Maintenance
Engineering,AI&DS,ML Engineer,Startup,Unacademy,Coimbatore,"TensorFlow, PyTorch"
Engineering,CSE,ML Engineer,Startup,Ather Energy,Ahmedabad,"Python, TensorFlow, Scikit-learn"
Engineering,EEE,Power Systems Engineer,Startup,Spinny,Kolkata,Power Generation
Engineering,CSE,Data Scientist,Startup,Udaan,Mumbai,"Python, ML, Pandas, NumPy"
Engineering,CSE,DevOps Engineer,Startup,Tredence,Noida,"Docker, Kubernetes, CI/CD"
Engineering,EEE,Power Systems Engineer,Startup,Zerodha,Coimbatore,Power Generation
Engineering,ECE,VLSI Engineer,Startup,Zerodha,Coimbatore,"VHDL, Verilog"
Engineering,Mechanical,Maintenance Engineer,Startup,InMobi,Gurgaon,Plant Maintenance
Engineering,AI&DS,Big Data Engineer,Startup,Byjus,Pune,"Spark, Hadoop"
Engineering,Mechanical,Quality Engineer,Startup,InfraMarket,Coimbatore,Six Sigma
Engineering,ECE,VLSI Engineer,Startup,Porter,Mumbai,"VHDL, Verilog"
Engineering,AI&DS,AI Engineer,Startup,OfBusiness,Coimbatore,"Deep Learning, NLP"
Engineering,ECE,VLSI Engineer,Startup,Byjus,Hyderabad,"VHDL, Verilog"
Engineering,CSE,ML Engineer,Startup,Delhivery,Kolkata,"Python, TensorFlow, Scikit-learn"
Engineering,Civil,Structural Engineer,Startup,Postman,Bengaluru,"ETABS, STAAD"
Engineering,ECE,Signal Processing Engineer,Startup,Navi,Coimbatore,"MATLAB, DSP"
Engineering,AI&DS,AI Engineer,Startup,Ather Energy,Mumbai,"Deep Learning, NLP"
Engineering,ECE,Signal Processing Engineer,Startup,Zerodha,Ahmedabad,"MATLAB, DSP"
Engineering,ECE,IoT Engineer,Startup,Chargebee,Gurgaon,"Sensors, MQTT"
Engineering,CSE,Software Engineer,Startup,CRED,Bengaluru,"Python, Java, DSA, OOP"
Engineering,ECE,Embedded Engineer,Startup,Delhivery,Coimbatore,"C, Embedded Systems"
Engineering,CSE,DevOps Engineer,Startup,Urban Company,Pune,"Docker, Kubernetes, CI/CD"
Engineering,ECE,IoT Engineer,Startup,CARS24,Bengaluru,"Sensors, MQTT"
Engineering,CSE,Backend Developer,Startup,Slice,Noida,"Java, Spring Boot, APIs"
Engineering,Civil,Quantity Surveyor,Startup,Tredence,Chennai,"Estimation, Billing"
Engineering,AI&DS,ML Engineer,Startup,Zomato,Pune,"TensorFlow, PyTorch"
Engineering,CSE,Backend Developer,Startup,Postman,Chennai,"Java, Spring Boot, APIs"
Engineering,Mechanical,Production Engineer,Startup,Razorpay,Ahmedabad,Manufacturing Processes
Engineering,ECE,Network Engineer,Startup,OfBusiness,Noida,"Networking, Routing"
Engineering,AI&DS,Data Analyst,Startup,Delhivery,Noida,"SQL, Python"
Engineering,CSE,DevOps Engineer,Startup,Meesho,Coimbatore,"Docker, Kubernetes, CI/CD"
Engineering,CSE,Full Stack Developer,Startup,Razorpay,Mumbai,"HTML, CSS, JavaScript, React"
Engineering,ECE,Embedded Engineer,Startup,Delhivery,Ahmedabad,"C, Embedded Systems"
Engineering,CSE,ML Engineer,Startup,Urban Company,Noida,"Python, TensorFlow, Scikit-learn"
Engineering,AI&DS,Big Data Engineer,Startup,Jupiter,Kolkata,"Spark, Hadoop"
Engineering,CSE,Data Scientist,Startup,Practo,Ahmedabad,"Python, ML, Pandas, NumPy"
Engineering,EEE,Control Systems Engineer,Startup,PolicyBazaar,Kolkata,"PLC, SCADA"
Engineering,Civil,Structural Engineer,Startup,Jupiter,Mumbai,"ETABS, STAAD"
Engineering,Mechanical,Production Engineer,Startup,Fractal Analytics,Coimbatore,Manufacturing Processes
Engineering,Mechanical,Quality Engineer,Startup,PhonePe,Coimbatore,Six Sigma
Engineering,AI&DS,Big Data Engineer,Startup,Tiger Analytics,Kolkata,"Spark, Hadoop"
Engineering,EEE,Power Systems Engineer,Startup,Ninjacart,Mumbai,Power Generation
Engineering,ECE,Embedded Engineer,Startup,Tredence,Pune,"C, Embedded Systems"
Engineering,ECE,IoT Engineer,Startup,BrowserStack,Gurgaon,"Sensors, MQTT"
Engineering,EEE,Power Systems Engineer,Startup,Postman,Mumbai,Power Generation
Engineering,EEE,Maintenance Engineer,Startup,Razorpay,Hyderabad,Electrical Maintenance
Engineering,Mechanical,Design Engineer,Startup,Urban Company,Pune,"AutoCAD, SolidWorks"
Engineering,Civil,Quantity Surveyor,Startup,Ninjacart,Kolkata,"Estimation, Billing"
Engineering,Civil,Safety Engineer,Startup,Groww,Mumbai,Construction Safety
Engineering,Civil,Quantity Surveyor,Startup,Vedantu,Pune,"Estimation, Billing"
Engineering,CSE,ML Engineer,Startup,BrowserStack,Bengaluru,"Python, TensorFlow, Scikit-learn"
Engineering,EEE,Control Systems Engineer,Startup,Byjus,Kolkata,"PLC, SCADA"
Engineering,Mechanical,CAD Engineer,Startup,Urban Company,Pune,"CATIA, NX"
Engineering,Mechanical,Quality Engineer,Startup,Zerodha,Noida,Six Sigma
Engineering,Mechanical,Production Engineer,Startup,PhysicsWallah,Noida,Manufacturing Processes
Engineering,CSE,ML Engineer,Startup,Paytm,Chennai,"Python, TensorFlow, Scikit-learn"
Engineering,EEE,Control Systems Engineer,Startup,GreyOrange,Bengaluru,"PLC, SCADA"
Engineering,AI&DS,Big Data Engineer,Startup,CRED,Mumbai,"Spark, Hadoop"
Engineering,ECE,Network Engineer,Startup,Paytm,Noida,"Networking, Routing"
Engineering,Mechanical,CAD Engineer,Startup,Zetwerk,Gurgaon,"CATIA, NX"
Engineering,ECE,Signal Processing Engineer,Startup,Practo,Pune,"MATLAB, DSP"
Engineering,EEE,Power Systems Engineer,Startup,Vedantu,Ahmedabad,Power Generation
Engineering,Civil,Site Engineer,Startup,Nykaa,Coimbatore,"AutoCAD, Site Management"
Engineering,ECE,IoT Engineer,Startup,PhysicsWallah,Ahmedabad,"Sensors, MQTT"
Engineering,ECE,Embedded Engineer,Startup,Vedantu,Kolkata,"C, Embedded Systems"
Engineering,Mechanical,Maintenance Engineer,Startup,Postman,Mumbai,Plant Maintenance
Engineering,EEE,Maintenance Engineer,Startup,Fractal Analytics,Chennai,Electrical Maintenance
Engineering,Mechanical,CAD Engineer,Startup,Porter,Kolkata,"CATIA, NX"
Engineering,CSE,Full Stack Developer,Startup,Slice,Pune,"HTML, CSS, JavaScript, React"
Engineering,ECE,Signal Processing Engineer,Startup,ACKO,Chennai,"MATLAB, DSP"
Engineering,CSE,Data Scientist,Startup,Zetwerk,Chennai,"Python, ML, Pandas, NumPy"
Engineering,CSE,Software Engineer,Startup,Nykaa,Pune,"Python, Java, DSA, OOP"
Engineering,Civil,Site Engineer,Startup,PhonePe,Coimbatore,"AutoCAD, Site Management"
Engineering,ECE,Signal Processing Engineer,Startup,Razorpay,Ahmedabad,"MATLAB, DSP"
Engineering,EEE,Control Systems Engineer,Startup,Ather Energy,Pune,"PLC, SCADA"
Engineering,Civil,Safety Engineer,Startup,CARS24,Bengaluru,Construction Safety
Engineering,EEE,Power Systems Engineer,Startup,Slice,Mumbai,Power Generation
Engineering,CSE,Cloud Engineer,Startup,Quantiphi,Bengaluru,"AWS, Azure, Linux"
Engineering,Civil,Planning Engineer,Startup,PhysicsWallah,Chennai,"MS Project, Primavera"
Engineering,ECE,VLSI Engineer,Startup,Paytm,Mumbai,"VHDL, Verilog"
Engineering,CSE,Software Engineer,Startup,Innovaccer,Gurgaon,"Python, Java, DSA, OOP"
Engineering,EEE,Maintenance Engineer,Startup,Digit Insurance,Gurgaon,Electrical Maintenance
Engineering,EEE,Control Systems Engineer,Startup,Paytm,Chennai,"PLC, SCADA"
Engineering,Mechanical,Production Engineer,Startup,Meesho,Ahmedabad,Manufacturing Processes
Engineering,Mechanical,Production Engineer,Startup,Zetwerk,Ahmedabad,Manufacturing Processes
Engineering,EEE,Power Systems Engineer,Startup,Slice,Chennai,Power Generation
Engineering,Mechanical,CAD Engineer,Startup,Slice,Hyderabad,"CATIA, NX"
Engineering,EEE,Electrical Design Engineer,Startup,Fractal Analytics,Pune,"AutoCAD, Power Systems"
Engineering,EEE,Energy Analyst,Startup,Paytm,Pune,Renewable Energy
Engineering,ECE,Signal Processing Engineer,Startup,Nykaa,Chennai,"MATLAB, DSP"
Engineering,Civil,Site Engineer,Startup,Practo,Hyderabad,"AutoCAD, Site Management"
Engineering,EEE,Maintenance Engineer,Startup,Practo,Coimbatore,Electrical Maintenance
Engineering,ECE,VLSI Engineer,Startup,Meesho,Hyderabad,"VHDL, Verilog"
Engineering,Mechanical,Quality Engineer,Startup,Postman,Pune,Six Sigma
Engineering,ECE,Signal Processing Engineer,Startup,Fractal Analytics,Ahmedabad,"MATLAB, DSP"
Engineering,Civil,Site Engineer,Startup,PhysicsWallah,Bengaluru,"AutoCAD, Site Management"
Engineering,Mechanical,Quality Engineer,Startup,Postman,Coimbatore,Six Sigma
Engineering,AI&DS,ML Engineer,Startup,Swiggy,Pune,"TensorFlow, PyTorch"
Engineering,Mechanical,Production Engineer,Startup,Zetwerk,Kolkata,Manufacturing Processes
Engineering,CSE,Data Analyst,Startup,Postman,Hyderabad,"Python, SQL, Excel, Power BI"
Engineering,ECE,Network Engineer,Startup,Razorpay,Pune,"Networking, Routing"
Engineering,Mechanical,Maintenance Engineer,Startup,Mu Sigma,Chennai,Plant Maintenance
Engineering,CSE,Full Stack Developer,Startup,Fractal Analytics,Coimbatore,"HTML, CSS, JavaScript, React"
Engineering,ECE,VLSI Engineer,Startup,Byjus,Ahmedabad,"VHDL, Verilog"
Engineering,Civil,Structural Engineer,Startup,Quantiphi,Kolkata,"ETABS, STAAD"
Engineering,AI&DS,Data Analyst,Startup,Postman,Coimbatore,"SQL, Python"
Engineering,CSE,Backend Developer,Startup,Jupiter,Ahmedabad,"Java, Spring Boot, APIs"
Engineering,ECE,IoT Engineer,Startup,Chargebee,Mumbai,"Sensors, MQTT"
Engineering,Civil,Site Engineer,Startup,Zerodha,Kolkata,"AutoCAD, Site Management"
Engineering,AI&DS,AI Engineer,Startup,PhysicsWallah,Noida,"Deep Learning, NLP"
Engineering,ECE,Network Engineer,Startup,Practo,Noida,"Networking, Routing"
Engineering,Civil,Structural Engineer,Startup,OfBusiness,Kolkata,"ETABS, STAAD"
Engineering,Civil,Quantity Surveyor,Startup,Fractal Analytics,Bengaluru,"Estimation, Billing"
Engineering,AI&DS,Big Data Engineer,Startup,Paytm,Hyderabad,"Spark, Hadoop"
Engineering,CSE,ML Engineer,Startup,Swiggy,Pune,"Python, TensorFlow, Scikit-learn"
Engineering,AI&DS,Big Data Engineer,Startup,Swiggy,Hyderabad,"Spark, Hadoop"
Engineering,EEE,Electrical Design Engineer,Startup,Mu Sigma,Bengaluru,"AutoCAD, Power Systems"
Engineering,CSE,ML Engineer,Startup,Spinny,Gurgaon,"Python, TensorFlow, Scikit-learn"
Engineering,AI&DS,Data Analyst,Startup,Udaan,Pune,"SQL, Python"
Engineering,AI&DS,AI Engineer,Startup,PolicyBazaar,Mumbai,"Deep Learning, NLP"
Engineering,ECE,IoT Engineer,Startup,Practo,Hyderabad,"Sensors, MQTT"
Engineering,Mechanical,CAD Engineer,Startup,Fractal Analytics,Hyderabad,"CATIA, NX"
Engineering,CSE,Data Analyst,Startup,Zomato,Kolkata,"Python, SQL, Excel, Power BI"
Engineering,EEE,Power Systems Engineer,Startup,BrowserStack,Chennai,Power Generation
Engineering,ECE,Embedded Engineer,Startup,Navi,Hyderabad,"C, Embedded Systems"
Engineering,ECE,VLSI Engineer,Startup,Dunzo,Bengaluru,"VHDL, Verilog"
Engineering,EEE,Energy Analyst,Startup,Ola Electric,Noida,Renewable Energy
Engineering,AI&DS,ML Engineer,Startup,Tredence,Bengaluru,"TensorFlow, PyTorch"
Engineering,ECE,Network Engineer,Startup,Nykaa,Bengaluru,"Networking, Routing"
Engineering,ECE,Network Engineer,Startup,GreyOrange,Kolkata,"Networking, Routing"
Engineering,EEE,Power Systems Engineer,Startup,GreyOrange,Coimbatore,Power Generation
Engineering,AI&DS,ML Engineer,Startup,Meesho,Hyderabad,"TensorFlow, PyTorch"
Engineering,ECE,Signal Processing Engineer,Startup,GreyOrange,Chennai,"MATLAB, DSP"
Engineering,Civil,Planning Engineer,Startup,Groww,Noida,"MS Project, Primavera"
Engineering,ECE,VLSI Engineer,Startup,Zerodha,Ahmedabad,"VHDL, Verilog"
Engineering,Civil,Structural Engineer,Startup,InMobi,Pune,"ETABS, STAAD"
Engineering,Civil,Safety Engineer,Startup,Fractal Analytics,Kolkata,Construction Safety
Engineering,EEE,Maintenance Engineer,Startup,Urban Company,Mumbai,Electrical Maintenance
Engineering,ECE,Network Engineer,Startup,PolicyBazaar,Bengaluru,"Networking, Routing"
Engineering,Civil,Structural Engineer,Startup,Razorpay,Coimbatore,"ETABS, STAAD"
Engineering,AI&DS,AI Engineer,Startup,Byjus,Coimbatore,"Deep Learning, NLP"
Engineering,Civil,Planning Engineer,Startup,Quantiphi,Coimbatore,"MS Project, Primavera"
Engineering,EEE,Energy Analyst,Startup,Digit Insurance,Hyderabad,Renewable Energy
Engineering,EEE,Energy Analyst,Startup,Practo,Gurgaon,Renewable Energy
Engineering,EEE,Energy Analyst,Startup,Mu Sigma,Hyderabad,Renewable Energy
Engineering,EEE,Energy Analyst,Startup,Paytm,Kolkata,Renewable Energy
Engineering,EEE,Maintenance Engineer,Startup,InMobi,Kolkata,Electrical Maintenance
Engineering,CSE,Software Engineer,Startup,PolicyBazaar,Bengaluru,"Python, Java, DSA, OOP"
Engineering,ECE,Embedded Engineer,Startup,Byjus,Ahmedabad,"C, Embedded Systems"
Engineering,ECE,Embedded Engineer,Startup,Groww,Pune,"C, Embedded Systems"
Engineering,Mechanical,CAD Engineer,Startup,Spinny,Gurgaon,"CATIA, NX"
Engineering,ECE,Signal Processing Engineer,Startup,Mu Sigma,Ahmedabad,"MATLAB, DSP"
Engineering,CSE,Software Engineer,Startup,PolicyBazaar,Coimbatore,"Python, Java, DSA, OOP"
Engineering,Civil,Planning Engineer,Startup,Udaan,Hyderabad,"MS Project, Primavera"
Engineering,Mechanical,Quality Engineer,Startup,Spinny,Mumbai,Six Sigma
Engineering,Mechanical,CAD Engineer,Startup,Delhivery,Mumbai,"CATIA, NX"
Engineering,Mechanical,Quality Engineer,Startup,Zerodha,Pune,Six Sigma
Engineering,CSE,DevOps Engineer,Startup,Urban Company,Mumbai,"Docker, Kubernetes, CI/CD"
Engineering,ECE,Embedded Engineer,Startup,GreyOrange,Ahmedabad,"C, Embedded Systems"
Engineering,ECE,Embedded Engineer,Startup,Unacademy,Coimbatore,"C, Embedded Systems"
Engineering,AI&DS,Data Analyst,Startup,Practo,Gurgaon,"SQL, Python"
Engineering,CSE,Backend Developer,Startup,Quantiphi,Noida,"Java, Spring Boot, APIs"
Engineering,Mechanical,Production Engineer,Startup,PolicyBazaar,Kolkata,Manufacturing Processes
Engineering,AI&DS,Big Data Engineer,Startup,BigBasket,Mumbai,"Spark, Hadoop"
Engineering,AI&DS,Big Data Engineer,Startup,PolicyBazaar,Chennai,"Spark, Hadoop"
Engineering,EEE,Maintenance Engineer,Startup,BigBasket,Pune,Electrical Maintenance
Engineering,AI&DS,Data Analyst,Startup,Spinny,Coimbatore,"SQL, Python"
Engineering,AI&DS,Big Data Engineer,Startup,PhonePe,Noida,"Spark, Hadoop"
Engineering,EEE,Maintenance Engineer,Startup,Udaan,Bengaluru,Electrical Maintenance
Engineering,Mechanical,Quality Engineer,Startup,Navi,Gurgaon,Six Sigma
Engineering,AI&DS,Data Scientist,Startup,Unacademy,Ahmedabad,"Python, ML, Pandas"
Engineering,EEE,Control Systems Engineer,Startup,ACKO,Bengaluru,"PLC, SCADA"
Engineering,EEE,Energy Analyst,Startup,InMobi,Hyderabad,Renewable Energy
Engineering,Civil,Planning Engineer,Startup,Chargebee,Noida,"MS Project, Primavera"
Engineering,Civil,Planning Engineer,Startup,ACKO,Hyderabad,"MS Project, Primavera"
Engineering,ECE,VLSI Engineer,Startup,CARS24,Hyderabad,"VHDL, Verilog"
Engineering,Mechanical,CAD Engineer,Startup,Mu Sigma,Bengaluru,"CATIA, NX"
Engineering,EEE,Energy Analyst,Startup,Mu Sigma,Noida,Renewable Energy
Engineering,ECE,Embedded Engineer,Startup,Zetwerk,Chennai,"C, Embedded Systems"
Engineering,Civil,Structural Engineer,Startup,Porter,Bengaluru,"ETABS, STAAD"
Engineering,AI&DS,Data Scientist,Startup,Zetwerk,Noida,"Python, ML, Pandas"
Engineering,Mechanical,Quality Engineer,Startup,Swiggy,Gurgaon,Six Sigma
Engineering,AI&DS,Big Data Engineer,Startup,GreyOrange,Noida,"Spark, Hadoop"
Engineering,ECE,IoT Engineer,Startup,Nykaa,Mumbai,"Sensors, MQTT"
Engineering,EEE,Power Systems Engineer,Startup,CRED,Mumbai,Power Generation
Engineering,ECE,Embedded Engineer,Startup,Zerodha,Hyderabad,"C, Embedded Systems"
Engineering,AI&DS,AI Engineer,Startup,Ola Electric,Ahmedabad,"Deep Learning, NLP"
Engineering,Civil,Structural Engineer,Startup,Jupiter,Coimbatore,"ETABS, STAAD"
Engineering,EEE,Maintenance Engineer,Startup,Vedantu,Gurgaon,Electrical Maintenance
Engineering,CSE,ML Engineer,Startup,Vedantu,Mumbai,"Python, TensorFlow, Scikit-learn"
Engineering,EEE,Electrical Design Engineer,Startup,Digit Insurance,Kolkata,"AutoCAD, Power Systems"
Engineering,Civil,Quantity Surveyor,Startup,Ather Energy,Gurgaon,"Estimation, Billing"
Engineering,ECE,Network Engineer,Startup,Nykaa,Hyderabad,"Networking, Routing"
Engineering,ECE,Embedded Engineer,Startup,CRED,Mumbai,"C, Embedded Systems"
Engineering,AI&DS,ML Engineer,Startup,Vedantu,Bengaluru,"TensorFlow, PyTorch"
Engineering,Civil,Planning Engineer,Startup,Mu Sigma,Mumbai,"MS Project, Primavera"
Engineering,CSE,Software Engineer,Startup,OfBusiness,Ahmedabad,"Python, Java, DSA, OOP"
Engineering,EEE,Maintenance Engineer,Startup,Unacademy,Kolkata,Electrical Maintenance
Engineering,ECE,Network Engineer,Startup,Vedantu,Mumbai,"Networking, Routing"
Engineering,Civil,Quantity Surveyor,Startup,PhonePe,Coimbatore,"Estimation, Billing"
Engineering,Mechanical,Maintenance Engineer,Startup,ACKO,Coimbatore,Plant Maintenance
Engineering,Civil,Structural Engineer,Startup,OfBusiness,Kolkata,"ETABS, STAAD"
Engineering,Civil,Site Engineer,Startup,Zerodha,Hyderabad,"AutoCAD, Site Management"
Engineering,EEE,Electrical Design Engineer,Startup,Navi,Pune,"AutoCAD, Power Systems"
Engineering,EEE,Control Systems Engineer,Startup,Dunzo,Noida,"PLC, SCADA"
Engineering,Mechanical,Maintenance Engineer,Startup,Ather Energy,Bengaluru,Plant Maintenance
Engineering,Civil,Structural Engineer,Startup,Meesho,Ahmedabad,"ETABS, STAAD"
Engineering,Mechanical,Quality Engineer,Startup,Zerodha,Bengaluru,Six Sigma
Engineering,ECE,Embedded Engineer,Startup,PhonePe,Pune,"C, Embedded Systems"
Engineering,Mechanical,CAD Engineer,Startup,Navi,Hyderabad,"CATIA, NX"
Engineering,EEE,Maintenance Engineer,Startup,Tredence,Chennai,Electrical Maintenance
Engineering,Mechanical,CAD Engineer,Startup,Razorpay,Kolkata,"CATIA, NX"
Engineering,Civil,Site Engineer,Startup,Zetwerk,Ahmedabad,"AutoCAD, Site Management"
Engineering,CSE,Backend Developer,Startup,PhonePe,Ahmedabad,"Java, Spring Boot, APIs"
Engineering,EEE,Maintenance Engineer,Startup,InMobi,Pune,Electrical Maintenance
Engineering,Civil,Planning Engineer,Startup,GreyOrange,Chennai,"MS Project, Primavera"
Engineering,CSE,Data Scientist,Startup,Ola Electric,Ahmedabad,"Python, ML, Pandas, NumPy"
Engineering,EEE,Maintenance Engineer,Startup,Groww,Pune,Electrical Maintenance
Engineering,Civil,Safety Engineer,Startup,Tredence,Gurgaon,Construction Safety
Engineering,Mechanical,Quality Engineer,Startup,Paytm,Hyderabad,Six Sigma
Engineering,Mechanical,Quality Engineer,Startup,PhonePe,Gurgaon,Six Sigma
Engineering,EEE,Energy Analyst,Startup,Postman,Pune,Renewable Energy
Engineering,CSE,Full Stack Developer,Startup,Jupiter,Bengaluru,"HTML, CSS, JavaScript, React"
Engineering,CSE,Software Engineer,Startup,CRED,Ahmedabad,"Python, Java, DSA, OOP"
Engineering,AI&DS,ML Engineer,Startup,Byjus,Chennai,"TensorFlow, PyTorch"
Engineering,AI&DS,Data Scientist,Startup,Nykaa,Pune,"Python, ML, Pandas"
Engineering,ECE,Network Engineer,Startup,Ather Energy,Chennai,"Networking, Routing"
Engineering,AI&DS,Big Data Engineer,Startup,ACKO,Coimbatore,"Spark, Hadoop"
Engineering,CSE,Software Engineer,Startup,Porter,Coimbatore,"Python, Java, DSA, OOP"
Engineering,CSE,Cloud Engineer,Startup,InMobi,Gurgaon,"AWS, Azure, Linux"
Engineering,CSE,Data Analyst,Startup,Swiggy,Pune,"Python, SQL, Excel, Power BI"
Engineering,CSE,Cloud Engineer,Startup,Dunzo,Ahmedabad,"AWS, Azure, Linux"
Engineering,ECE,Network Engineer,Startup,Tiger Analytics,Mumbai,"Networking, Routing"
Engineering,EEE,Maintenance Engineer,Startup,Dunzo,Hyderabad,Electrical Maintenance
Engineering,Civil,Site Engineer,Startup,Zetwerk,Kolkata,"AutoCAD, Site Management"
Engineering,Mechanical,Quality Engineer,Startup,OfBusiness,Coimbatore,Six Sigma
Engineering,CSE,Data Analyst,Startup,Mu Sigma,Hyderabad,"Python, SQL, Excel, Power BI"
Engineering,CSE,Data Scientist,Startup,PhonePe,Mumbai,"Python, ML, Pandas, NumPy"
Engineering,Mechanical,CAD Engineer,Startup,Practo,Pune,"CATIA, NX"
Engineering,CSE,Data Scientist,Startup,Slice,Coimbatore,"Python, ML, Pandas, NumPy"
Engineering,Civil,Structural Engineer,Startup,Postman,Noida,"ETABS, STAAD"
Engineering,CSE,Data Scientist,Startup,Zomato,Mumbai,"Python, ML, Pandas, NumPy"
Engineering,Mechanical,Quality Engineer,Startup,Mu Sigma,Mumbai,Six Sigma
Engineering,AI&DS,AI Engineer,Startup,Urban Company,Bengaluru,"Deep Learning, NLP"
Engineering,CSE,ML Engineer,Startup,Urban Company,Coimbatore,"Python, TensorFlow, Scikit-learn"
Engineering,CSE,DevOps Engineer,Startup,Fractal Analytics,Gurgaon,"Docker, Kubernetes, CI/CD"
Engineering,AI&DS,Big Data Engineer,Startup,Udaan,Ahmedabad,"Spark, Hadoop"
Engineering,CSE,Software Engineer,Startup,Mu Sigma,Pune,"Python, Java, DSA, OOP"
Engineering,Civil,Quantity Surveyor,Startup,Spinny,Noida,"Estimation, Billing"
Engineering,CSE,Software Engineer,Startup,OfBusiness,Chennai,"Python, Java, DSA, OOP"
Engineering,ECE,IoT Engineer,Startup,Tredence,Gurgaon,"Sensors, MQTT"
Engineering,Civil,Safety Engineer,Startup,Meesho,Bengaluru,Construction Safety
Engineering,Civil,Structural Engineer,Startup,PhonePe,Ahmedabad,"ETABS, STAAD"
Engineering,ECE,Network Engineer,Startup,Meesho,Gurgaon,"Networking, Routing"
Engineering,EEE,Control Systems Engineer,Startup,Fractal Analytics,Coimbatore,"PLC, SCADA"
Engineering,Civil,Planning Engineer,Startup,Jupiter,Pune,"MS Project, Primavera"
Engineering,AI&DS,Data Scientist,Startup,Navi,Pune,"Python, ML, Pandas"
Engineering,AI&DS,AI Engineer,Startup,Tiger Analytics,Bengaluru,"Deep Learning, NLP"
Engineering,Civil,Quantity Surveyor,Startup,Dunzo,Mumbai,"Estimation, Billing"
Engineering,EEE,Maintenance Engineer,Startup,BrowserStack,Kolkata,Electrical Maintenance
Engineering,Civil,Quantity Surveyor,Startup,Udaan,Chennai,"Estimation, Billing"
Engineering,ECE,IoT Engineer,Startup,CRED,Hyderabad,"Sensors, MQTT"
Engineering,ECE,Network Engineer,Startup,Udaan,Pune,"Networking, Routing"
Engineering,ECE,Signal Processing Engineer,Startup,CRED,Kolkata,"MATLAB, DSP"
Engineering,EEE,Power Systems Engineer,Startup,Tredence,Hyderabad,Power Generation
Engineering,Mechanical,Maintenance Engineer,Startup,Digit Insurance,Gurgaon,Plant Maintenance
Engineering,ECE,Embedded Engineer,Startup,Tiger Analytics,Noida,"C, Embedded Systems"
Engineering,ECE,VLSI Engineer,Startup,InfraMarket,Kolkata,"VHDL, Verilog"
Engineering,AI&DS,Big Data Engineer,Startup,Vedantu,Coimbatore,"Spark, Hadoop"
Engineering,ECE,IoT Engineer,Startup,Zomato,Noida,"Sensors, MQTT"
Engineering,CSE,Software Engineer,Startup,Mu Sigma,Hyderabad,"Python, Java, DSA, OOP"
Engineering,EEE,Control Systems Engineer,Startup,Postman,Noida,"PLC, SCADA"
Engineering,AI&DS,ML Engineer,Startup,Digit Insurance,Kolkata,"TensorFlow, PyTorch"
Engineering,EEE,Power Systems Engineer,Startup,Slice,Mumbai,Power Generation
Engineering,ECE,Signal Processing Engineer,Startup,Ninjacart,Ahmedabad,"MATLAB, DSP"
Engineering,EEE,Energy Analyst,Startup,BrowserStack,Hyderabad,Renewable Energy
Engineering,ECE,VLSI Engineer,Startup,Ola Electric,Ahmedabad,"VHDL, Verilog"
Engineering,ECE,IoT Engineer,Mid,Sasken,Pune,"Sensors, MQTT"
Engineering,Civil,Site Engineer,Mid,Zoho,Bengaluru,"AutoCAD, Site Management"
Engineering,EEE,Control Systems Engineer,Mid,Rapid7,Ahmedabad,"PLC, SCADA"
Engineering,AI&DS,Big Data Engineer,Mid,Sonata Software,Hyderabad,"Spark, Hadoop"
Engineering,Civil,Quantity Surveyor,Mid,ValueLabs,Hyderabad,"Estimation, Billing"
Engineering,EEE,Energy Analyst,Mid,Sonata Software,Ahmedabad,Renewable Energy
Engineering,AI&DS,Data Analyst,Mid,Ramco Systems,Hyderabad,"SQL, Python"
Engineering,CSE,DevOps Engineer,Mid,LTIMindtree,Kolkata,"Docker, Kubernetes, CI/CD"
Engineering,AI&DS,Data Scientist,Mid,Sonata Software,Ahmedabad,"Python, ML, Pandas"
Engineering,Civil,Site Engineer,Mid,Tata Elxsi,Hyderabad,"AutoCAD, Site Management"
Engineering,Mechanical,CAD Engineer,Mid,UST Global,Kolkata,"CATIA, NX"
Engineering,EEE,Maintenance Engineer,Mid,Zoho,Hyderabad,Electrical Maintenance
Engineering,CSE,Data Scientist,Mid,Ramco Systems,Mumbai,"Python, ML, Pandas, NumPy"
Engineering,AI&DS,ML Engineer,Mid,Innominds,Kolkata,"TensorFlow, PyTorch"
Engineering,ECE,VLSI Engineer,Mid,Sasken,Hyderabad,"VHDL, Verilog"
Engineering,Civil,Safety Engineer,Mid,Innominds,Pune,Construction Safety
Engineering,AI&DS,Big Data Engineer,Mid,Birlasoft,Bengaluru,"Spark, Hadoop"
Engineering,ECE,Signal Processing Engineer,Mid,Freshworks,Coimbatore,"MATLAB, DSP"
Engineering,ECE,Signal Processing Engineer,Mid,Hexaware,Mumbai,"MATLAB, DSP"
Engineering,AI&DS,AI Engineer,Mid,Birlasoft,Noida,"Deep Learning, NLP"
Engineering,Civil,Safety Engineer,Mid,Zoho,Kolkata,Construction Safety
Engineering,Mechanical,Quality Engineer,Mid,Newgen,Hyderabad,Six Sigma
Engineering,CSE,Cloud Engineer,Mid,UST Global,Ahmedabad,"AWS, Azure, Linux"
Engineering,Mechanical,Design Engineer,Mid,Newgen,Pune,"AutoCAD, SolidWorks"
Engineering,EEE,Maintenance Engineer,Mid,Newgen,Bengaluru,Electrical Maintenance
Engineering,CSE,Cloud Engineer,Mid,LTIMindtree,Mumbai,"AWS, Azure, Linux"
Engineering,Civil,Quantity Surveyor,Mid,Newgen,Hyderabad,"Estimation, Billing"
Engineering,CSE,Full Stack Developer,Mid,Cyient,Pune,"HTML, CSS, JavaScript, React"
Engineering,Mechanical,Production Engineer,Mid,LTIMindtree,Noida,Manufacturing Processes
Engineering,ECE,IoT Engineer,Mid,Newgen,Kolkata,"Sensors, MQTT"
Engineering,EEE,Electrical Design Engineer,Mid,Hexaware,Gurgaon,"AutoCAD, Power Systems"
Engineering,AI&DS,Data Analyst,Mid,Ramco Systems,Ahmedabad,"SQL, Python"
Engineering,Mechanical,Maintenance Engineer,Mid,Sonata Software,Chennai,Plant Maintenance
Engineering,Civil,Quantity Surveyor,Mid,UST Global,Mumbai,"Estimation, Billing"
Engineering,AI&DS,Big Data Engineer,Mid,Virtusa,Noida,"Spark, Hadoop"
Engineering,CSE,Cloud Engineer,Mid,Cyient,Mumbai,"AWS, Azure, Linux"
Engineering,Mechanical,Maintenance Engineer,Mid,UST Global,Noida,Plant Maintenance
Engineering,ECE,Embedded Engineer,Mid,Freshworks,Bengaluru,"C, Embedded Systems"
Engineering,CSE,Backend Developer,Mid,Sonata Software,Kolkata,"Java, Spring Boot, APIs"
Engineering,ECE,Network Engineer,Mid,UST Global,Coimbatore,"Networking, Routing"
Engineering,Civil,Safety Engineer,Mid,Coforge,Noida,Construction Safety
Engineering,Civil,Structural Engineer,Mid,Coforge,Noida,"ETABS, STAAD"
Engineering,EEE,Energy Analyst,Mid,Cyient,Bengaluru,Renewable Energy
Engineering,ECE,Network Engineer,Mid,Innominds,Mumbai,"Networking, Routing"
Engineering,EEE,Energy Analyst,Mid,Virtusa,Hyderabad,Renewable Energy
Engineering,ECE,VLSI Engineer,Mid,Newgen,Bengaluru,"VHDL, Verilog"
Engineering,Mechanical,Maintenance Engineer,Mid,Sonata Software,Mumbai,Plant Maintenance
Engineering,AI&DS,AI Engineer,Mid,Freshworks,Chennai,"Deep Learning, NLP"
Engineering,CSE,Software Engineer,Mid,Freshworks,Kolkata,"Python, Java, DSA, OOP"
Engineering,Mechanical,Maintenance Engineer,Mid,Newgen,Mumbai,Plant Maintenance
Engineering,EEE,Electrical Design Engineer,Mid,UST Global,Coimbatore,"AutoCAD, Power Systems"
Engineering,ECE,IoT Engineer,Mid,Persistent Systems,Gurgaon,"Sensors, MQTT"
Engineering,EEE,Energy Analyst,Mid,KPIT,Mumbai,Renewable Energy
Engineering,Civil,Site Engineer,Mid,Freshworks,Hyderabad,"AutoCAD, Site Management"
Engineering,EEE,Control Systems Engineer,Mid,Sonata Software,Gurgaon,"PLC, SCADA"
Engineering,CSE,Cloud Engineer,Mid,Virtusa,Hyderabad,"AWS, Azure, Linux"
Engineering,CSE,Full Stack Developer,Mid,Sasken,Gurgaon,"HTML, CSS, JavaScript, React"
Engineering,Civil,Quantity Surveyor,Mid,Ramco Systems,Coimbatore,"Estimation, Billing"
Engineering,Mechanical,Design Engineer,Mid,Newgen,Chennai,"AutoCAD, SolidWorks"
Engineering,Civil,Quantity Surveyor,Mid,Virtusa,Ahmedabad,"Estimation, Billing"
Engineering,Civil,Structural Engineer,Mid,Freshworks,Chennai,"ETABS, STAAD"
Engineering,Mechanical,CAD Engineer,Mid,Virtusa,Mumbai,"CATIA, NX"
Engineering,CSE,Cloud Engineer,Mid,Newgen,Bengaluru,"AWS, Azure, Linux"
Engineering,CSE,Cloud Engineer,Mid,Freshworks,Bengaluru,"AWS, Azure, Linux"
Engineering,Mechanical,Production Engineer,Mid,LTIMindtree,Gurgaon,Manufacturing Processes
Engineering,EEE,Control Systems Engineer,Mid,Rapid7,Gurgaon,"PLC, SCADA"
Engineering,ECE,IoT Engineer,Mid,Innominds,Chennai,"Sensors, MQTT"
Engineering,Mechanical,Maintenance Engineer,Mid,Virtusa,Bengaluru,Plant Maintenance
Engineering,CSE,DevOps Engineer,Mid,Hexaware,Coimbatore,"Docker, Kubernetes, CI/CD"
Engineering,AI&DS,ML Engineer,Mid,Infogain,Pune,"TensorFlow, PyTorch"
Engineering,CSE,Cloud Engineer,Mid,Cyient,Mumbai,"AWS, Azure, Linux"
Engineering,CSE,Software Engineer,Mid,Mphasis,Ahmedabad,"Python, Java, DSA, OOP"
Engineering,ECE,IoT Engineer,Mid,KPIT,Chennai,"Sensors, MQTT"
Engineering,AI&DS,Data Analyst,Mid,KPIT,Mumbai,"SQL, Python"
Engineering,Civil,Structural Engineer,Mid,Sasken,Pune,"ETABS, STAAD"
Engineering,Civil,Quantity Surveyor,Mid,Tata Elxsi,Chennai,"Estimation, Billing"
Engineering,ECE,IoT Engineer,Mid,Sasken,Kolkata,"Sensors, MQTT"
Engineering,ECE,IoT Engineer,Mid,Hexaware,Coimbatore,"Sensors, MQTT"
Engineering,CSE,DevOps Engineer,Mid,Coforge,Gurgaon,"Docker, Kubernetes, CI/CD"
Engineering,Civil,Planning Engineer,Mid,Happiest Minds,Pune,"MS Project, Primavera"
Engineering,Mechanical,CAD Engineer,Mid,KPIT,Mumbai,"CATIA, NX"
Engineering,EEE,Electrical Design Engineer,Mid,Persistent Systems,Ahmedabad,"AutoCAD, Power Systems"
Engineering,EEE,Maintenance Engineer,Mid,Virtusa,Ahmedabad,Electrical Maintenance
Engineering,Mechanical,Design Engineer,Mid,UST Global,Pune,"AutoCAD, SolidWorks"
Engineering,EEE,Control Systems Engineer,Mid,Coforge,Noida,"PLC, SCADA"
Engineering,Mechanical,CAD Engineer,Mid,UST Global,Hyderabad,"CATIA, NX"
Engineering,EEE,Energy Analyst,Mid,Persistent Systems,Kolkata,Renewable Energy
Engineering,ECE,Embedded Engineer,Mid,Rapid7,Pune,"C, Embedded Systems"
Engineering,EEE,Control Systems Engineer,Mid,Newgen,Noida,"PLC, SCADA"
Engineering,Mechanical,Design Engineer,Mid,Newgen,Mumbai,"AutoCAD, SolidWorks"
Engineering,EEE,Control Systems Engineer,Mid,UST Global,Gurgaon,"PLC, SCADA"
Engineering,CSE,Full Stack Developer,Mid,Coforge,Bengaluru,"HTML, CSS, JavaScript, React"
Engineering,Civil,Quantity Surveyor,Mid,Ramco Systems,Coimbatore,"Estimation, Billing"
Engineering,EEE,Energy Analyst,Mid,KPIT,Chennai,Renewable Energy
Engineering,ECE,Signal Processing Engineer,Mid,Cyient,Kolkata,"MATLAB, DSP"
Engineering,EEE,Control Systems Engineer,Mid,Innominds,Mumbai,"PLC, SCADA"
Engineering,ECE,VLSI Engineer,Mid,Tata Elxsi,Chennai,"VHDL, Verilog"
Engineering,CSE,Data Scientist,Mid,Rapid7,Gurgaon,"Python, ML, Pandas, NumPy"
Engineering,AI&DS,ML Engineer,Mid,KPIT,Chennai,"TensorFlow, PyTorch"
Engineering,ECE,IoT Engineer,Mid,Freshworks,Mumbai,"Sensors, MQTT"
Engineering,AI&DS,Data Scientist,Mid,Rapid7,Hyderabad,"Python, ML, Pandas"
Engineering,CSE,Data Analyst,Mid,KPIT,Coimbatore,"Python, SQL, Excel, Power BI"
Engineering,AI&DS,Data Scientist,Mid,Persistent Systems,Noida,"Python, ML, Pandas"
Engineering,Mechanical,Maintenance Engineer,Mid,Cyient,Kolkata,Plant Maintenance
Engineering,AI&DS,Data Analyst,Mid,Innominds,Pune,"SQL, Python"
Engineering,Mechanical,Maintenance Engineer,Mid,Rapid7,Gurgaon,Plant Maintenance
Engineering,CSE,DevOps Engineer,Mid,Coforge,Noida,"Docker, Kubernetes, CI/CD"
Engineering,ECE,IoT Engineer,Mid,UST Global,Chennai,"Sensors, MQTT"
Engineering,ECE,IoT Engineer,Mid,Mphasis,Kolkata,"Sensors, MQTT"
Engineering,EEE,Control Systems Engineer,Mid,ValueLabs,Coimbatore,"PLC, SCADA"
Engineering,Mechanical,Design Engineer,Mid,Birlasoft,Bengaluru,"AutoCAD, SolidWorks"
Engineering,CSE,Full Stack Developer,Mid,UST Global,Noida,"HTML, CSS, JavaScript, React"
Engineering,AI&DS,ML Engineer,Mid,Newgen,Bengaluru,"TensorFlow, PyTorch"
Engineering,Civil,Planning Engineer,Mid,Persistent Systems,Coimbatore,"MS Project, Primavera"
Engineering,Civil,Site Engineer,Mid,Zoho,Kolkata,"AutoCAD, Site Management"
Engineering,Civil,Safety Engineer,Mid,Sasken,Chennai,Construction Safety
Engineering,CSE,Data Analyst,Mid,Hexaware,Hyderabad,"Python, SQL, Excel, Power BI"
Engineering,ECE,VLSI Engineer,Mid,Zoho,Mumbai,"VHDL, Verilog"
Engineering,Mechanical,CAD Engineer,Mid,Zoho,Bengaluru,"CATIA, NX"
Engineering,ECE,Signal Processing Engineer,Mid,Tata Elxsi,Ahmedabad,"MATLAB, DSP"
Engineering,CSE,DevOps Engineer,Mid,UST Global,Hyderabad,"Docker, Kubernetes, CI/CD"
Engineering,AI&DS,ML Engineer,Mid,Newgen,Mumbai,"TensorFlow, PyTorch"
Engineering,EEE,Power Systems Engineer,Mid,Newgen,Hyderabad,Power Generation
Engineering,Civil,Planning Engineer,Mid,Sasken,Mumbai,"MS Project, Primavera"
Engineering,CSE,Cloud Engineer,Mid,Sasken,Mumbai,"AWS, Azure, Linux"
Engineering,Civil,Site Engineer,Mid,Ramco Systems,Coimbatore,"AutoCAD, Site Management"
Engineering,Mechanical,Quality Engineer,Mid,Ramco Systems,Noida,Six Sigma
Engineering,ECE,Network Engineer,Mid,LTIMindtree,Kolkata,"Networking, Routing"
Engineering,Civil,Structural Engineer,Mid,Happiest Minds,Mumbai,"ETABS, STAAD"
Engineering,AI&DS,Big Data Engineer,Mid,Persistent Systems,Mumbai,"Spark, Hadoop"
Engineering,Mechanical,Design Engineer,Mid,Hexaware,Chennai,"AutoCAD, SolidWorks"
Engineering,CSE,DevOps Engineer,Mid,Freshworks,Noida,"Docker, Kubernetes, CI/CD"
Engineering,ECE,Network Engineer,Mid,KPIT,Mumbai,"Networking, Routing"
Engineering,AI&DS,AI Engineer,Mid,Rapid7,Chennai,"Deep Learning, NLP"
Engineering,AI&DS,Data Scientist,Mid,Sasken,Noida,"Python, ML, Pandas"
Engineering,EEE,Energy Analyst,Mid,Sasken,Hyderabad,Renewable Energy
Engineering,ECE,VLSI Engineer,Mid,Happiest Minds,Ahmedabad,"VHDL, Verilog"
Engineering,CSE,Backend Developer,Mid,LTIMindtree,Mumbai,"Java, Spring Boot, APIs"
Engineering,CSE,Full Stack Developer,Mid,Cyient,Gurgaon,"HTML, CSS, JavaScript, React"
Engineering,Civil,Structural Engineer,Mid,Virtusa,Mumbai,"ETABS, STAAD"
Engineering,Mechanical,Design Engineer,Mid,Virtusa,Pune,"AutoCAD, SolidWorks"
Engineering,CSE,Full Stack Developer,Mid,Mphasis,Bengaluru,"HTML, CSS, JavaScript, React"
Engineering,Civil,Planning Engineer,Mid,Hexaware,Mumbai,"MS Project, Primavera"
Engineering,Civil,Quantity Surveyor,Mid,Zoho,Hyderabad,"Estimation, Billing"
Engineering,AI&DS,ML Engineer,Mid,KPIT,Kolkata,"TensorFlow, PyTorch"
Engineering,EEE,Electrical Design Engineer,Mid,Hexaware,Gurgaon,"AutoCAD, Power Systems"
Engineering,CSE,Cloud Engineer,Mid,Freshworks,Coimbatore,"AWS, Azure, Linux"
Engineering,ECE,Embedded Engineer,Mid,Coforge,Noida,"C, Embedded Systems"
Engineering,Mechanical,Production Engineer,Mid,Mphasis,Pune,Manufacturing Processes
Engineering,Civil,Quantity Surveyor,Mid,Newgen,Hyderabad,"Estimation, Billing"
Engineering,Mechanical,Quality Engineer,Mid,Birlasoft,Bengaluru,Six Sigma
Engineering,ECE,Network Engineer,Mid,Freshworks,Gurgaon,"Networking, Routing"
Engineering,CSE,Data Scientist,Mid,Virtusa,Pune,"Python, ML, Pandas, NumPy"
Engineering,Mechanical,Maintenance Engineer,Mid,KPIT,Coimbatore,Plant Maintenance
Engineering,AI&DS,Data Scientist,Mid,Sonata Software,Pune,"Python, ML, Pandas"
Engineering,ECE,IoT Engineer,Mid,Hexaware,Hyderabad,"Sensors, MQTT"
Engineering,Mechanical,Maintenance Engineer,Mid,Happiest Minds,Gurgaon,Plant Maintenance
Engineering,AI&DS,Data Analyst,Mid,ValueLabs,Pune,"SQL, Python"
Engineering,Mechanical,Maintenance Engineer,Mid,Sonata Software,Chennai,Plant Maintenance
Engineering,EEE,Energy Analyst,Mid,Coforge,Bengaluru,Renewable Energy
Engineering,EEE,Energy Analyst,Mid,Coforge,Hyderabad,Renewable Energy
Engineering,EEE,Power Systems Engineer,Mid,Birlasoft,Bengaluru,Power Generation
Engineering,Mechanical,Quality Engineer,Mid,Birlasoft,Kolkata,Six Sigma
Engineering,Civil,Quantity Surveyor,Mid,Birlasoft,Ahmedabad,"Estimation, Billing"
Engineering,EEE,Control Systems Engineer,Mid,Freshworks,Bengaluru,"PLC, SCADA"
Engineering,Civil,Planning Engineer,Mid,Innominds,Hyderabad,"MS Project, Primavera"
Engineering,Civil,Structural Engineer,Mid,ValueLabs,Ahmedabad,"ETABS, STAAD"
Engineering,Civil,Planning Engineer,Mid,ValueLabs,Bengaluru,"MS Project, Primavera"
Engineering,AI&DS,Data Analyst,Mid,UST Global,Chennai,"SQL, Python"
Engineering,Mechanical,Design Engineer,Mid,Birlasoft,Ahmedabad,"AutoCAD, SolidWorks"
Engineering,CSE,DevOps Engineer,Mid,Innominds,Kolkata,"Docker, Kubernetes, CI/CD"
Engineering,ECE,IoT Engineer,Mid,Infogain,Noida,"Sensors, MQTT"
Engineering,EEE,Power Systems Engineer,Mid,Infogain,Chennai,Power Generation
Engineering,CSE,Backend Developer,Mid,ValueLabs,Kolkata,"Java, Spring Boot, APIs"
Engineering,Mechanical,CAD Engineer,Mid,Rapid7,Coimbatore,"CATIA, NX"
Engineering,Mechanical,Production Engineer,Mid,Birlasoft,Hyderabad,Manufacturing Processes
Engineering,CSE,Backend Developer,Mid,Freshworks,Ahmedabad,"Java, Spring Boot, APIs"
Engineering,EEE,Maintenance Engineer,Mid,Zoho,Mumbai,Electrical Maintenance
Engineering,ECE,Signal Processing Engineer,Mid,Zoho,Bengaluru,"MATLAB, DSP"
Engineering,Civil,Safety Engineer,Mid,Birlasoft,Noida,Construction Safety
Engineering,EEE,Energy Analyst,Mid,UST Global,Kolkata,Renewable Energy
Engineering,Civil,Planning Engineer,Mid,Coforge,Hyderabad,"MS Project, Primavera"
Engineering,ECE,Embedded Engineer,Mid,Virtusa,Mumbai,"C, Embedded Systems"
Engineering,ECE,Embedded Engineer,Mid,Birlasoft,Ahmedabad,"C, Embedded Systems"
Engineering,ECE,Network Engineer,Mid,Persistent Systems,Ahmedabad,"Networking, Routing"
Engineering,AI&DS,AI Engineer,Mid,Persistent Systems,Hyderabad,"Deep Learning, NLP"
Engineering,CSE,Software Engineer,Mid,UST Global,Mumbai,"Python, Java, DSA, OOP"
Engineering,CSE,Data Analyst,Mid,Birlasoft,Coimbatore,"Python, SQL, Excel, Power BI"
Engineering,Mechanical,Quality Engineer,Mid,Sonata Software,Ahmedabad,Six Sigma
Engineering,ECE,Signal Processing Engineer,Mid,Innominds,Chennai,"MATLAB, DSP"
Engineering,CSE,DevOps Engineer,Mid,Ramco Systems,Hyderabad,"Docker, Kubernetes, CI/CD"
Engineering,Civil,Planning Engineer,Mid,Zoho,Gurgaon,"MS Project, Primavera"
Engineering,AI&DS,Big Data Engineer,Mid,Infogain,Hyderabad,"Spark, Hadoop"
Engineering,AI&DS,Data Scientist,Mid,Sasken,Gurgaon,"Python, ML, Pandas"
Engineering,AI&DS,Data Analyst,Mid,Coforge,Bengaluru,"SQL, Python"
Engineering,EEE,Electrical Design Engineer,Mid,Infogain,Coimbatore,"AutoCAD, Power Systems"
Engineering,Mechanical,Maintenance Engineer,Mid,Tata Elxsi,Hyderabad,Plant Maintenance
Engineering,EEE,Maintenance Engineer,Mid,Innominds,Mumbai,Electrical Maintenance
Engineering,ECE,IoT Engineer,Mid,Rapid7,Gurgaon,"Sensors, MQTT"
Engineering,AI&DS,Big Data Engineer,Mid,Tata Elxsi,Chennai,"Spark, Hadoop"
Engineering,CSE,Software Engineer,Mid,Birlasoft,Chennai,"Python, Java, DSA, OOP"
Engineering,AI&DS,Data Scientist,Mid,Tata Elxsi,Coimbatore,"Python, ML, Pandas"
Engineering,CSE,ML Engineer,Mid,Sonata Software,Hyderabad,"Python, TensorFlow, Scikit-learn"
Engineering,ECE,VLSI Engineer,Mid,Happiest Minds,Ahmedabad,"VHDL, Verilog"
Engineering,Civil,Planning Engineer,Mid,UST Global,Kolkata,"MS Project, Primavera"
Engineering,Mechanical,Production Engineer,Mid,Virtusa,Pune,Manufacturing Processes
Engineering,AI&DS,AI Engineer,Mid,Persistent Systems,Gurgaon,"Deep Learning, NLP"
Engineering,CSE,Backend Developer,Mid,Cyient,Kolkata,"Java, Spring Boot, APIs"
Engineering,AI&DS,Data Scientist,Mid,KPIT,Hyderabad,"Python, ML, Pandas"
Engineering,AI&DS,Data Analyst,Mid,Infogain,Mumbai,"SQL, Python"
Engineering,Mechanical,CAD Engineer,Mid,Sonata Software,Kolkata,"CATIA, NX"
Engineering,Civil,Planning Engineer,Mid,Innominds,Ahmedabad,"MS Project, Primavera"
Engineering,Civil,Planning Engineer,Mid,Virtusa,Ahmedabad,"MS Project, Primavera"
Engineering,EEE,Energy Analyst,Mid,UST Global,Ahmedabad,Renewable Energy
Engineering,Civil,Safety Engineer,Mid,Coforge,Hyderabad,Construction Safety
Engineering,Mechanical,CAD Engineer,Mid,Hexaware,Ahmedabad,"CATIA, NX"
Engineering,Civil,Planning Engineer,Mid,ValueLabs,Noida,"MS Project, Primavera"
Engineering,Mechanical,Maintenance Engineer,Mid,Happiest Minds,Gurgaon,Plant Maintenance
Engineering,CSE,Backend Developer,Mid,Rapid7,Hyderabad,"Java, Spring Boot, APIs"
Engineering,Mechanical,Maintenance Engineer,Mid,Coforge,Kolkata,Plant Maintenance
Engineering,EEE,Maintenance Engineer,Mid,Happiest Minds,Gurgaon,Electrical Maintenance
Engineering,ECE,Signal Processing Engineer,Mid,Freshworks,Gurgaon,"MATLAB, DSP"
Engineering,AI&DS,ML Engineer,Mid,Sasken,Coimbatore,"TensorFlow, PyTorch"
Engineering,AI&DS,Big Data Engineer,Mid,Sasken,Pune,"Spark, Hadoop"
Engineering,Mechanical,CAD Engineer,Mid,Happiest Minds,Ahmedabad,"CATIA, NX"
Engineering,CSE,Software Engineer,Mid,Cyient,Hyderabad,"Python, Java, DSA, OOP"
Engineering,Mechanical,CAD Engineer,Mid,Ramco Systems,Coimbatore,"CATIA, NX"
Engineering,ECE,Signal Processing Engineer,Mid,Tata Elxsi,Hyderabad,"MATLAB, DSP"
Engineering,Civil,Planning Engineer,Mid,Birlasoft,Bengaluru,"MS Project, Primavera"
Engineering,Civil,Structural Engineer,Mid,Freshworks,Bengaluru,"ETABS, STAAD"
Engineering,ECE,Signal Processing Engineer,Mid,KPIT,Kolkata,"MATLAB, DSP"
Engineering,EEE,Power Systems Engineer,Mid,Coforge,Chennai,Power Generation
Engineering,Civil,Planning Engineer,Mid,Mphasis,Ahmedabad,"MS Project, Primavera"
Engineering,Civil,Planning Engineer,Mid,Sasken,Bengaluru,"MS Project, Primavera"
Engineering,Civil,Planning Engineer,Mid,Birlasoft,Ahmedabad,"MS Project, Primavera"
Engineering,EEE,Power Systems Engineer,Mid,Sonata Software,Mumbai,Power Generation
Engineering,AI&DS,ML Engineer,Mid,Tata Elxsi,Mumbai,"TensorFlow, PyTorch"
Engineering,CSE,ML Engineer,Mid,LTIMindtree,Coimbatore,"Python, TensorFlow, Scikit-learn"
Engineering,Mechanical,CAD Engineer,Mid,Innominds,Gurgaon,"CATIA, NX"
Engineering,Mechanical,Production Engineer,Mid,Persistent Systems,Hyderabad,Manufacturing Processes
Engineering,AI&DS,Data Analyst,Mid,Newgen,Mumbai,"SQL, Python"
Engineering,Mechanical,Production Engineer,Mid,Sasken,Noida,Manufacturing Processes
Engineering,CSE,Data Analyst,Mid,Mphasis,Kolkata,"Python, SQL, Excel, Power BI"
Engineering,Mechanical,Maintenance Engineer,Mid,Innominds,Chennai,Plant Maintenance
Engineering,Mechanical,Maintenance Engineer,Mid,ValueLabs,Chennai,Plant Maintenance
Engineering,Mechanical,Quality Engineer,Mid,Birlasoft,Chennai,Six Sigma
Engineering,ECE,VLSI Engineer,Mid,Coforge,Bengaluru,"VHDL, Verilog"
Engineering,AI&DS,AI Engineer,Mid,Zoho,Gurgaon,"Deep Learning, NLP"
Engineering,CSE,DevOps Engineer,Mid,Birlasoft,Gurgaon,"Docker, Kubernetes, CI/CD"
Engineering,CSE,Full Stack Developer,Mid,Persistent Systems,Gurgaon,"HTML, CSS, JavaScript, React"
Engineering,CSE,Data Analyst,High,L&T,Noida,"Python, SQL, Excel, Power BI"
Engineering,AI&DS,Big Data Engineer,High,Qualcomm,Gurgaon,"Spark, Hadoop"
Engineering,ECE,IoT Engineer,High,Wipro,Noida,"Sensors, MQTT"
Engineering,CSE,Full Stack Developer,High,IBM,Gurgaon,"HTML, CSS, JavaScript, React"
Engineering,EEE,Energy Analyst,High,Amazon,Pune,Renewable Energy
Engineering,EEE,Power Systems Engineer,High,Tech Mahindra,Mumbai,Power Generation
Engineering,Civil,Quantity Surveyor,High,Accenture,Noida,"Estimation, Billing"
Engineering,AI&DS,Big Data Engineer,High,Siemens,Gurgaon,"Spark, Hadoop"
Engineering,AI&DS,Data Scientist,High,TCS,Pune,"Python, ML, Pandas"
Engineering,AI&DS,Big Data Engineer,High,Cognizant,Chennai,"Spark, Hadoop"
Engineering,Mechanical,CAD Engineer,High,Microsoft,Bengaluru,"CATIA, NX"
Engineering,Mechanical,CAD Engineer,High,Intel,Chennai,"CATIA, NX"
Engineering,Civil,Planning Engineer,High,Wipro,Ahmedabad,"MS Project, Primavera"
Engineering,AI&DS,Data Scientist,High,TCS,Chennai,"Python, ML, Pandas"
Engineering,ECE,VLSI Engineer,High,Honeywell,Coimbatore,"VHDL, Verilog"
Engineering,ECE,IoT Engineer,High,Bosch,Pune,"Sensors, MQTT"
Engineering,AI&DS,Data Analyst,High,Wipro,Pune,"SQL, Python"
Engineering,ECE,Network Engineer,High,Qualcomm,Mumbai,"Networking, Routing"
Engineering,AI&DS,ML Engineer,High,Siemens,Kolkata,"TensorFlow, PyTorch"
Engineering,Mechanical,CAD Engineer,High,Capgemini,Chennai,"CATIA, NX"
Engineering,ECE,Embedded Engineer,High,IBM,Chennai,"C, Embedded Systems"
Engineering,ECE,VLSI Engineer,High,Intel,Noida,"VHDL, Verilog"
Engineering,EEE,Electrical Design Engineer,High,Microsoft,Hyderabad,"AutoCAD, Power Systems"
Engineering,CSE,Backend Developer,High,Tata Projects,Kolkata,"Java, Spring Boot, APIs"
Engineering,ECE,VLSI Engineer,High,Tata Projects,Noida,"VHDL, Verilog"
Engineering,CSE,Backend Developer,High,Siemens,Gurgaon,"Java, Spring Boot, APIs"
Engineering,AI&DS,Data Scientist,High,Qualcomm,Gurgaon,"Python, ML, Pandas"
Engineering,Civil,Structural Engineer,High,Oracle,Coimbatore,"ETABS, STAAD"
Engineering,Civil,Planning Engineer,High,Honeywell,Kolkata,"MS Project, Primavera"
Engineering,EEE,Electrical Design Engineer,High,Tata Projects,Mumbai,"AutoCAD, Power Systems"
Engineering,ECE,Signal Processing Engineer,High,IBM,Coimbatore,"MATLAB, DSP"
Engineering,ECE,VLSI Engineer,High,Amazon,Hyderabad,"VHDL, Verilog"
Engineering,CSE,Data Analyst,High,Microsoft,Kolkata,"Python, SQL, Excel, Power BI"
Engineering,ECE,VLSI Engineer,High,Oracle,Chennai,"VHDL, Verilog"
Engineering,Mechanical,Maintenance Engineer,High,Capgemini,Gurgaon,Plant Maintenance
Engineering,ECE,Embedded Engineer,High,Microsoft,Ahmedabad,"C, Embedded Systems"
Engineering,AI&DS,AI Engineer,High,Tech Mahindra,Bengaluru,"Deep Learning, NLP"
Engineering,Mechanical,Quality Engineer,High,Microsoft,Coimbatore,Six Sigma
Engineering,Civil,Site Engineer,High,Capgemini,Noida,"AutoCAD, Site Management"
Engineering,AI&DS,Data Analyst,High,HCL,Hyderabad,"SQL, Python"
Engineering,ECE,IoT Engineer,High,Tech Mahindra,Kolkata,"Sensors, MQTT"
Engineering,CSE,Data Analyst,High,Oracle,Coimbatore,"Python, SQL, Excel, Power BI"
Engineering,AI&DS,ML Engineer,High,Amazon,Kolkata,"TensorFlow, PyTorch"
Engineering,AI&DS,Big Data Engineer,High,L&T,Mumbai,"Spark, Hadoop"
Engineering,Mechanical,CAD Engineer,High,Tata Projects,Chennai,"CATIA, NX"
Engineering,Civil,Safety Engineer,High,Infosys,Noida,Construction Safety
Engineering,AI&DS,Data Analyst,High,Amazon,Bengaluru,"SQL, Python"
Engineering,ECE,Network Engineer,High,Tata Projects,Coimbatore,"Networking, Routing"
Engineering,AI&DS,Data Scientist,High,Wipro,Kolkata,"Python, ML, Pandas"
Engineering,ECE,Network Engineer,High,Qualcomm,Ahmedabad,"Networking, Routing"
Engineering,EEE,Electrical Design Engineer,High,IBM,Hyderabad,"AutoCAD, Power Systems"
Engineering,AI&DS,AI Engineer,High,HCL,Gurgaon,"Deep Learning, NLP"
Engineering,ECE,Network Engineer,High,Siemens,Kolkata,"Networking, Routing"
Engineering,AI&DS,Data Analyst,High,Accenture,Chennai,"SQL, Python"
Engineering,EEE,Electrical Design Engineer,High,Oracle,Kolkata,"AutoCAD, Power Systems"
Engineering,Civil,Safety Engineer,High,Honeywell,Pune,Construction Safety
Engineering,AI&DS,AI Engineer,High,Cognizant,Gurgaon,"Deep Learning, NLP"
Engineering,EEE,Energy Analyst,High,Cognizant,Gurgaon,Renewable Energy
Engineering,Civil,Safety Engineer,High,Honeywell,Chennai,Construction Safety
Engineering,EEE,Electrical Design Engineer,High,Tech Mahindra,Ahmedabad,"AutoCAD, Power Systems"
Engineering,Civil,Safety Engineer,High,Tata Projects,Coimbatore,Construction Safety
Engineering,Civil,Site Engineer,High,Intel,Pune,"AutoCAD, Site Management"
Engineering,AI&DS,Data Analyst,High,Honeywell,Hyderabad,"SQL, Python"
Engineering,AI&DS,Data Analyst,High,IBM,Kolkata,"SQL, Python"
Engineering,AI&DS,AI Engineer,High,L&T,Gurgaon,"Deep Learning, NLP"
Engineering,AI&DS,AI Engineer,High,L&T,Noida,"Deep Learning, NLP"
Engineering,CSE,Cloud Engineer,High,Amazon,Pune,"AWS, Azure, Linux"
Engineering,Mechanical,Quality Engineer,High,Wipro,Coimbatore,Six Sigma
Engineering,AI&DS,Data Analyst,High,Tata Projects,Coimbatore,"SQL, Python"
Engineering,Mechanical,Maintenance Engineer,High,Siemens,Coimbatore,Plant Maintenance
Engineering,Civil,Structural Engineer,High,Capgemini,Pune,"ETABS, STAAD"
Engineering,AI&DS,ML Engineer,High,L&T,Bengaluru,"TensorFlow, PyTorch"
Engineering,Civil,Safety Engineer,High,Amazon,Hyderabad,Construction Safety
Engineering,AI&DS,AI Engineer,High,Honeywell,Pune,"Deep Learning, NLP"
Engineering,CSE,Software Engineer,High,L&T,Coimbatore,"Python, Java, DSA, OOP"
Engineering,EEE,Electrical Design Engineer,High,IBM,Pune,"AutoCAD, Power Systems"
Engineering,AI&DS,Data Analyst,High,Qualcomm,Hyderabad,"SQL, Python"
Engineering,AI&DS,Big Data Engineer,High,L&T,Bengaluru,"Spark, Hadoop"
Engineering,CSE,ML Engineer,High,Tata Projects,Noida,"Python, TensorFlow, Scikit-learn"
Engineering,ECE,IoT Engineer,High,Infosys,Mumbai,"Sensors, MQTT"
Engineering,Civil,Site Engineer,High,Accenture,Bengaluru,"AutoCAD, Site Management"
Engineering,Civil,Quantity Surveyor,High,Amazon,Gurgaon,"Estimation, Billing"
Engineering,EEE,Control Systems Engineer,High,Infosys,Ahmedabad,"PLC, SCADA"
Engineering,CSE,Cloud Engineer,High,Infosys,Bengaluru,"AWS, Azure, Linux"
Engineering,Civil,Planning Engineer,High,Cognizant,Coimbatore,"MS Project, Primavera"
Engineering,Mechanical,Maintenance Engineer,High,Google,Ahmedabad,Plant Maintenance
Engineering,EEE,Power Systems Engineer,High,Infosys,Bengaluru,Power Generation
Engineering,AI&DS,Big Data Engineer,High,Infosys,Kolkata,"Spark, Hadoop"
Engineering,ECE,Network Engineer,High,Accenture,Noida,"Networking, Routing"
Engineering,ECE,Network Engineer,High,Siemens,Noida,"Networking, Routing"
Engineering,ECE,Network Engineer,High,Tech Mahindra,Bengaluru,"Networking, Routing"
Engineering,EEE,Energy Analyst,High,Amazon,Noida,Renewable Energy
Engineering,Civil,Quantity Surveyor,High,Bosch,Noida,"Estimation, Billing"
Engineering,Mechanical,Maintenance Engineer,High,Capgemini,Pune,Plant Maintenance
Engineering,EEE,Energy Analyst,High,TCS,Bengaluru,Renewable Energy
Engineering,Mechanical,Production Engineer,High,Accenture,Coimbatore,Manufacturing Processes
Engineering,Civil,Planning Engineer,High,Cognizant,Pune,"MS Project, Primavera"
Engineering,CSE,Software Engineer,High,Oracle,Pune,"Python, Java, DSA, OOP"
Engineering,CSE,DevOps Engineer,High,Google,Noida,"Docker, Kubernetes, CI/CD"
Engineering,ECE,Network Engineer,High,HCL,Pune,"Networking, Routing"
Engineering,Civil,Quantity Surveyor,High,Tech Mahindra,Hyderabad,"Estimation, Billing"
Engineering,AI&DS,Data Analyst,High,Microsoft,Mumbai,"SQL, Python"
Engineering,Mechanical,Production Engineer,High,Accenture,Mumbai,Manufacturing Processes
Engineering,ECE,VLSI Engineer,High,Bosch,Pune,"VHDL, Verilog"
Engineering,AI&DS,Data Scientist,High,Microsoft,Coimbatore,"Python, ML, Pandas"
Engineering,ECE,VLSI Engineer,High,TCS,Pune,"VHDL, Verilog"
Engineering,ECE,Network Engineer,High,Amazon,Kolkata,"Networking, Routing"
Engineering,CSE,Data Scientist,High,Bosch,Gurgaon,"Python, ML, Pandas, NumPy"
Engineering,AI&DS,ML Engineer,High,Google,Hyderabad,"TensorFlow, PyTorch"
Engineering,EEE,Control Systems Engineer,High,Qualcomm,Bengaluru,"PLC, SCADA"
Engineering,EEE,Control Systems Engineer,High,HCL,Hyderabad,"PLC, SCADA"
Engineering,CSE,ML Engineer,High,Cognizant,Chennai,"Python, TensorFlow, Scikit-learn"
Engineering,EEE,Electrical Design Engineer,High,L&T,Noida,"AutoCAD, Power Systems"
Engineering,Civil,Safety Engineer,High,Tata Projects,Hyderabad,Construction Safety
Engineering,ECE,Signal Processing Engineer,High,Intel,Chennai,"MATLAB, DSP"
Engineering,AI&DS,Data Analyst,High,Siemens,Ahmedabad,"SQL, Python"
Engineering,ECE,Embedded Engineer,High,HCL,Bengaluru,"C, Embedded Systems"
Engineering,CSE,Software Engineer,High,HCL,Noida,"Python, Java, DSA, OOP"
Engineering,ECE,IoT Engineer,High,Intel,Bengaluru,"Sensors, MQTT"
Engineering,CSE,Data Scientist,High,Google,Coimbatore,"Python, ML, Pandas, NumPy"
